data;horario;n_da_ocorrencia;tipo_de_ocorrencia;km;trecho;sentido;tipo_de_acidente;automovel;bicicleta;caminhao;moto;onibus;outros;tracao_animal;transporte_de_cargas_especiais;trator_maquinas;utilitarios;ilesos;levemente_feridos;moderadamente_feridos;gravemente_feridos;mortos
"01/10/2023";"08:35:00";"73";"ac03 - Aci";"284";"BR-153/GO";"Norte";"Colisão Traseira";0;0;1;0;0;1;0;0;0;0;1;0;0;0;0
"01/10/2023";"20:17:00";"215";"ac03 - Aci";"637,5";"BR-153/TO";"Norte";"Colisão lateral no mesmo sentido";1;0;1;0;0;0;0;0;0;0;2;0;0;0;0
"01/10/2023";"20:24:00";"216";"ac03 - Aci";"760";"BR-153/TO";"Norte";"Atropelamento de Animal";1;0;0;0;0;1;0;0;0;0;1;0;0;0;0
"02/10/2023";"05:34:00";"23";"ac03 - Aci";"288";"BR-153/GO";"Sul";"Atropelamento de Animal";1;0;0;0;0;0;0;0;0;0;2;0;0;0;0
"02/10/2023";"07:07:00";"41";"ac03 - Aci";"693,9";"BR-153/TO";"Sul";"Atropelamento de Animal";1;0;0;0;0;0;0;0;0;0;2;0;0;0;0
"03/10/2023";"05:19:00";"29";"ac03 - Aci";"438,8";"BR-153/GO";"Sul";"Choque - Defensa metálica";1;0;0;0;0;1;0;0;0;0;1;0;0;0;0
"03/10/2023";"14:24:00";"155";"ac03 - Aci";"784";"BR-153/TO";"Norte";"Atropelamento de Animal";0;0;0;0;0;0;0;0;0;1;1;0;0;0;0
"03/10/2023";"14:45:00";"163";"ac02 - Aci";"717";"BR-153/TO";"Sul";"Tombamento";0;0;1;0;0;0;0;0;0;0;0;0;1;0;0
"03/10/2023";"16:58:00";"190";"ac02 - Aci";"241";"BR-153/GO";"Sul";"Colisão Transversal";2;0;0;0;0;0;0;0;0;0;1;1;0;0;0
"03/10/2023";"21:30:00";"224";"ac03 - Aci";"175";"BR-080/GO";"Norte";"Saida de Pista";1;0;0;0;0;0;0;0;0;0;1;0;0;0;0
"04/10/2023";"05:56:00";"22";"ac02 - Aci";"268,5";"BR-153/GO";"Sul";"Tombamento";0;0;1;0;0;0;0;0;0;0;0;0;1;0;0
"04/10/2023";"09:28:00";"73";"ac02 - Aci";"672";"BR-153/TO";"Norte";"Atropelamento - Ciclista";1;1;0;0;0;0;0;0;0;0;0;1;1;0;0
"04/10/2023";"11:38:00";"103";"ac02 - Aci";"722";"BR-153/TO";"Norte";"Atropelamento - Morador";0;0;1;0;0;0;0;0;0;0;0;2;0;0;0
"04/10/2023";"13:38:00";"124";"ac03 - Aci";"349,99";"BR-414/GO";"Norte";"Colisão lateral no mesmo sentido";1;0;0;0;0;1;0;0;0;0;1;0;0;0;0
"04/10/2023";"23:44:00";"218";"ac03 - Aci";"423";"BR-153/GO";"Sul";"Atropelamento de Animal";1;0;0;0;0;0;0;0;0;0;4;0;0;0;0
"05/10/2023";"05:49:00";"27";"ac02 - Aci";"303";"BR-153/GO";"Norte";"Colisão Traseira";1;0;1;0;0;0;0;0;0;0;1;1;0;0;0
"05/10/2023";"06:18:00";"31";"ac03 - Aci";"379,7";"BR-153/GO";"Norte";"Atropelamento de Animal";1;0;0;0;0;0;0;0;0;0;0;0;0;0;0
"05/10/2023";"08:01:00";"50";"ac03 - Aci";"679";"BR-153/TO";"Norte";"Saida de Pista";0;0;0;0;1;1;0;0;0;0;1;0;0;0;0
"05/10/2023";"10:37:00";"87";"ac03 - Aci";"215";"BR-153/GO";"Norte";"Colisão Traseira";0;0;1;0;0;1;0;0;0;0;1;0;0;0;0
"05/10/2023";"14:54:00";"128";"ac03 - Aci";"60";"BR-153/GO";"Norte";"Colisão lateral no mesmo sentido";0;0;2;0;0;0;0;0;0;1;5;0;0;0;0
"05/10/2023";"18:10:00";"166";"ac03 - Aci";"434,5";"BR-153/GO";"Sul";"Colisão lateral no sentido contrário";1;0;0;1;0;0;0;0;0;0;1;0;0;0;0
"05/10/2023";"19:18:00";"180";"ac03 - Aci";"261,8";"BR-153/GO";"Norte";"Colisão Traseira";1;0;0;0;0;1;0;0;0;0;1;0;0;0;0
"05/10/2023";"19:36:00";"182";"ac02 - Aci";"426";"BR-153/GO";"Norte";"Queda de Moto";0;0;0;1;0;0;0;0;0;0;0;1;0;0;0
"05/10/2023";"21:55:00";"204";"ac03 - Aci";"174";"BR-153/GO";"Sul";"Colisão lateral no mesmo sentido";0;0;0;0;0;1;0;0;0;1;0;0;0;0;0
"06/10/2023";"07:11:00";"37";"ac03 - Aci";"398";"BR-153/GO";"Norte";"Atropelamento de Animal";0;0;0;0;0;0;0;0;0;1;1;0;0;0;0
"06/10/2023";"18:09:00";"177";"ac03 - Aci";"189,3";"BR-153/GO";"Norte";"Colisão Traseira";2;0;0;0;0;1;0;0;0;0;4;0;0;0;0
"06/10/2023";"19:03:00";"184";"ac02 - Aci";"428";"BR-153/GO";"Sul";"Colisão Frontal";1;0;1;0;0;0;0;0;0;0;2;0;1;0;0
"06/10/2023";"21:41:00";"208";"ac03 - Aci";"331";"BR-153/GO";"Norte";"Atropelamento de Animal";1;0;0;0;0;0;0;0;0;0;2;0;0;0;0
"07/10/2023";"00:39:00";"2";"ac03 - Aci";"403";"BR-414/GO";"Sul";"Saida de Pista";0;0;0;0;0;0;0;0;0;1;1;0;0;0;0
"07/10/2023";"01:31:00";"4";"ac03 - Aci";"257";"BR-153/GO";"Norte";"Queda de Moto";0;0;0;1;0;0;0;0;0;0;1;0;0;0;0
"07/10/2023";"08:44:00";"57";"ac03 - Aci";"409";"BR-153/GO";"Norte";"Saida de Pista";1;0;0;0;0;0;0;0;0;0;0;1;0;0;0
"07/10/2023";"09:20:00";"66";"ac03 - Aci";"669";"BR-153/TO";"Sul";"Colisão Traseira";0;0;1;0;1;0;0;0;0;0;2;0;0;0;0
"07/10/2023";"13:28:00";"117";"ac03 - Aci";"434";"BR-153/GO";"Sul";"Colisão lateral no mesmo sentido";0;0;0;1;0;0;0;0;0;0;1;0;0;0;0
"08/10/2023";"04:34:00";"20";"ac03 - Aci";"333";"BR-153/GO";"Norte";"Saida de Pista";1;0;0;0;0;0;0;0;0;0;1;0;0;0;0
"08/10/2023";"06:08:00";"26";"ac03 - Aci";"801";"BR-153/TO";"Sul";"Atropelamento de Animal";1;0;0;0;0;0;0;0;0;0;1;0;0;0;0
"08/10/2023";"14:04:00";"114";"ac01 - Aci";"385";"BR-153/GO";"Norte";"Engavetamento";1;0;3;0;0;0;0;0;0;0;5;0;0;1;1
"08/10/2023";"14:56:00";"124";"ac02 - Aci";"139";"BR-153/GO";"Norte";"Colisão Traseira";0;0;2;0;0;0;0;0;0;0;1;0;1;0;0
"08/10/2023";"17:00:00";"153";"ac03 - Aci";"347";"BR-153/GO";"Norte";"Saida de Pista";1;0;0;0;0;1;0;0;0;0;1;0;0;0;0
"08/10/2023";"19:04:00";"175";"ac02 - Aci";"436,6";"BR-414/GO";"Norte";"Queda de Moto";0;0;0;1;0;0;0;0;0;0;0;0;1;1;0
"09/10/2023";"08:05:00";"54";"ac03 - Aci";"333,5";"BR-414/GO";"Sul";"Atropelamento de Animal";0;0;1;0;0;0;0;0;0;0;1;0;0;0;0
"09/10/2023";"14:35:00";"131";"ac03 - Aci";"133";"BR-153/GO";"Norte";"Colisão lateral no mesmo sentido";0;0;2;0;0;0;0;0;0;0;3;0;0;0;0
"09/10/2023";"17:13:00";"166";"ac02 - Aci";"430";"BR-153/GO";"Norte";"Queda de Moto";0;0;0;0;0;0;0;0;0;0;0;1;0;0;0
"09/10/2023";"18:08:00";"177";"ac02 - Aci";"408";"BR-414/GO";"Norte";"Saida de Pista";0;0;0;0;0;0;0;0;0;1;0;1;0;0;0
"10/10/2023";"08:31:00";"52";"ac01 - Aci";"137,5";"BR-153/GO";"Sul";"Colisão Frontal";1;0;1;0;0;0;0;0;0;0;1;0;1;1;2
"10/10/2023";"17:50:00";"161";"ac03 - Aci";"262";"BR-153/GO";"Norte";"Choque - Arvore";0;0;1;0;0;0;0;0;0;0;0;0;0;0;0
"10/10/2023";"18:50:00";"166";"ac03 - Aci";"695";"BR-153/TO";"Norte";"Atropelamento de Animal";1;0;0;0;0;0;0;0;0;0;1;0;0;0;0
"10/10/2023";"23:09:00";"203";"ac03 - Aci";"325";"BR-153/GO";"Sul";"Choque - Defensa metálica";0;0;1;0;0;0;0;0;0;0;1;0;0;0;0
"11/10/2023";"05:37:00";"23";"ac01 - Aci";"169,6";"BR-153/GO";"Norte";"Colisão Frontal";1;0;0;0;0;0;0;0;0;1;1;0;0;1;2
"11/10/2023";"09:13:00";"62";"ac03 - Aci";"376";"BR-153/GO";"Norte";"Saida de Pista";1;0;0;0;0;0;0;0;0;0;1;0;0;0;0
"11/10/2023";"11:57:00";"103";"ac03 - Aci";"65";"BR-153/GO";"Norte";"Tombamento";0;0;1;0;0;0;0;0;0;0;0;1;0;0;0
"11/10/2023";"18:22:00";"176";"ac02 - Aci";"311";"BR-414/GO";"Norte";"Atropelamento - Andarilho";0;0;0;1;0;0;0;0;0;0;0;1;0;1;0
"12/10/2023";"11:55:00";"92";"ac02 - Aci";"203";"BR-153/GO";"Sul";"Colisão Traseira";1;0;1;0;0;0;0;0;0;0;1;1;1;0;0
"12/10/2023";"18:51:00";"158";"ac03 - Aci";"736";"BR-153/TO";"Sul";"Atropelamento de Animal";1;0;0;0;0;0;0;0;0;0;0;0;0;0;0
"12/10/2023";"19:47:00";"166";"ac02 - Aci";"439,1";"BR-414/GO";"Norte";"Atropelamento - Morador";0;0;0;0;0;1;0;0;0;0;0;0;1;0;0
"12/10/2023";"22:27:00";"186";"ac03 - Aci";"146";"BR-153/GO";"Sul";"Atropelamento de Animal";0;0;0;1;0;0;0;0;0;0;0;1;0;0;0
"13/10/2023";"18:06:00";"184";"ac03 - Aci";"650";"BR-153/TO";"Sul";"Colisão Traseira";0;0;3;0;0;0;0;0;0;0;4;0;0;0;0
"14/10/2023";"11:07:00";"103";"ac03 - Aci";"202";"BR-153/GO";"Sul";"Tombamento";0;0;1;0;0;0;0;0;0;0;1;0;0;0;0
"14/10/2023";"12:20:00";"112";"ac03 - Aci";"206";"BR-153/GO";"Sul";"Colisão Frontal";1;0;1;0;0;0;0;0;0;0;1;0;2;0;0
"14/10/2023";"19:44:00";"180";"ac01 - Aci";"356,7";"BR-153/GO";"Norte";"Colisão Transversal";0;0;1;0;0;0;0;0;0;1;2;0;0;1;2
"15/10/2023";"06:06:00";"45";"ac03 - Aci";"387,8";"BR-153/GO";"Sul";"Saida de Pista";0;0;1;0;0;0;0;0;0;0;1;0;0;0;0
"15/10/2023";"12:48:00";"114";"ac03 - Aci";"628,5";"BR-153/TO";"Sul";"Choque - Arvore";0;0;1;0;0;0;0;0;0;0;1;0;0;0;0
"15/10/2023";"14:23:00";"134";"ac03 - Aci";"373";"BR-153/GO";"Norte";"Colisão lateral no sentido contrário";1;0;1;0;0;0;0;0;0;0;0;2;0;0;0
"15/10/2023";"18:05:00";"190";"ac03 - Aci";"347";"BR-153/GO";"Sul";"Colisão lateral no sentido contrário";1;0;1;0;0;0;0;0;0;0;1;0;0;0;0
"15/10/2023";"19:26:00";"208";"ac03 - Aci";"285,3";"BR-153/GO";"Sul";"Colisão Traseira";1;0;0;0;0;1;0;0;0;0;2;0;0;0;0
"15/10/2023";"20:27:00";"216";"ac03 - Aci";"437";"BR-153/GO";"Sul";"Saida de Pista";1;0;0;0;0;0;0;0;0;0;2;0;0;0;0
"16/10/2023";"09:28:00";"62";"ac02 - Aci";"402";"BR-414/GO";"Sul";"Saida de Pista";1;0;0;0;0;0;0;0;0;0;1;2;0;0;0
"16/10/2023";"16:52:00";"140";"ac02 - Aci";"426";"BR-414/GO";"Norte";"Atropelamento - Morador";0;0;1;0;0;0;1;0;0;0;1;0;0;1;0
"17/10/2023";"08:25:00";"44";"ac02 - Aci";"687";"BR-153/TO";"Sul";"Saida de Pista";0;0;0;0;0;0;0;0;0;1;1;1;0;0;0
"18/10/2023";"06:44:00";"32";"ac02 - Aci";"436";"BR-153/GO";"Norte";"Queda de Moto";0;0;0;1;0;0;0;0;0;0;0;1;0;0;0
"18/10/2023";"13:44:00";"109";"ac02 - Aci";"633";"BR-153/TO";"Sul";"Colisão lateral no mesmo sentido";1;0;1;0;0;0;0;0;0;0;1;1;0;0;0
"18/10/2023";"17:36:00";"163";"ac02 - Aci";"284,5";"BR-153/GO";"Sul";"Colisão Frontal";2;0;1;0;0;0;0;0;0;1;4;2;0;0;0
"18/10/2023";"18:27:00";"170";"ac02 - Aci";"366,7";"BR-153/GO";"Norte";"Colisão Traseira";0;0;1;0;0;1;0;0;0;1;3;5;1;0;0
"19/10/2023";"03:32:00";"15";"ac03 - Aci";"801";"BR-153/TO";"Sul";"Saida de Pista";0;0;1;0;0;0;0;0;0;0;0;1;0;0;0
"19/10/2023";"11:19:00";"96";"ac03 - Aci";"149";"BR-153/GO";"Sul";"Engavetamento";2;0;2;0;0;0;0;0;0;0;2;3;0;1;0
"19/10/2023";"13:23:00";"117";"ac03 - Aci";"439";"BR-153/GO";"Sul";"Colisão Traseira";2;0;0;0;0;0;0;0;0;0;5;0;0;0;0
"19/10/2023";"17:59:00";"171";"ac03 - Aci";"675";"BR-153/TO";"Norte";"Atropelamento - Ciclista";0;1;0;1;0;0;0;0;0;0;1;0;1;0;0
"19/10/2023";"18:44:00";"182";"ac03 - Aci";"268";"BR-153/GO";"Norte";"Tombamento";0;0;1;0;0;0;0;0;0;0;0;0;0;0;0
"20/10/2023";"06:37:00";"38";"ac02 - Aci";"271";"BR-153/GO";"Sul";"Colisão Frontal";1;0;0;0;0;0;0;0;0;1;0;0;3;0;0
"20/10/2023";"11:27:00";"89";"ac02 - Aci";"439";"BR-153/GO";"Norte";"Queda de Moto";0;0;0;1;0;0;0;0;0;0;0;1;0;0;0
"20/10/2023";"11:53:00";"96";"ac03 - Aci";"158";"BR-153/GO";"Norte";"Saida de Pista";1;0;0;0;0;0;0;0;0;0;1;0;0;0;0
"20/10/2023";"12:06:00";"98";"ac03 - Aci";"150";"BR-153/GO";"Sul";"Colisão Traseira";1;0;1;0;0;0;0;0;0;0;0;2;0;0;0
"20/10/2023";"15:17:00";"129";"ac03 - Aci";"631";"BR-153/TO";"Sul";"Saida de Pista";0;0;0;0;0;0;0;0;0;1;2;0;0;0;0
"20/10/2023";"18:42:00";"176";"ac02 - Aci";"160";"BR-153/GO";"Sul";"Colisão Traseira";2;0;0;0;0;0;0;0;0;0;1;1;0;0;0
"20/10/2023";"20:14:00";"188";"ac03 - Aci";"315,4";"BR-153/GO";"Norte";"Choque - Arvore";1;0;0;0;0;0;0;0;0;0;0;0;0;0;0
"20/10/2023";"20:48:00";"194";"ac03 - Aci";"304,2";"BR-153/GO";"Sul";"Tombamento";0;0;1;0;0;0;0;0;0;0;1;0;0;0;0
"20/10/2023";"21:09:00";"199";"ac03 - Aci";"123";"BR-080/GO";"Sul";"Capotamento";1;0;0;0;0;0;0;0;0;0;0;0;0;0;0
"21/10/2023";"08:54:00";"60";"ac01 - Aci";"649";"BR-153/TO";"Sul";"Colisão Traseira";1;0;0;0;0;2;0;0;0;1;5;0;0;0;0
"21/10/2023";"19:26:00";"208";"ac03 - Aci";"325,8";"BR-153/GO";"Norte";"Saida de Pista";1;0;0;0;0;1;0;0;0;0;2;0;0;0;0
"21/10/2023";"20:01:00";"213";"ac03 - Aci";"35";"BR-153/GO";"Sul";"Choque - Arvore";0;0;1;0;0;0;0;0;0;0;1;0;0;0;0
"22/10/2023";"10:05:00";"71";"ac02 - Aci";"393";"BR-414/GO";"Sul";"Queda de Moto";0;0;0;1;0;0;0;0;0;0;0;1;0;0;0
"22/10/2023";"11:17:00";"87";"ac03 - Aci";"388,4";"BR-414/GO";"Norte";"Saida de Pista";1;0;0;0;0;0;0;0;0;0;2;0;0;0;0
"23/10/2023";"03:35:00";"13";"ac03 - Aci";"1";"BR-153/GO";"Norte";"Colisão Traseira";0;0;2;0;0;0;0;0;0;0;2;0;0;0;0
"23/10/2023";"05:52:00";"23";"ac03 - Aci";"747";"BR-153/TO";"Sul";"Saida de Pista";1;0;0;0;0;0;0;0;0;0;5;0;0;0;0
"23/10/2023";"06:59:00";"32";"ac03 - Aci";"440";"BR-414/GO";"Sul";"Colisão lateral no mesmo sentido";1;0;1;0;0;0;0;0;0;0;0;2;0;0;0
"23/10/2023";"07:17:00";"37";"ac03 - Aci";"140";"BR-153/GO";"Sul";"Colisão Transversal";2;0;0;0;0;0;0;0;0;0;3;0;0;0;0
"24/10/2023";"11:10:00";"94";"ac03 - Aci";"85";"BR-153/GO";"Sul";"Colisão Traseira";0;0;0;0;0;0;0;0;0;3;3;0;0;0;0
"24/10/2023";"14:20:00";"120";"ac03 - Aci";"303,3";"BR-153/GO";"Norte";"Colisão lateral no sentido contrário";1;0;1;0;0;0;0;0;0;0;0;1;1;0;0
"24/10/2023";"18:51:00";"180";"ac03 - Aci";"385";"BR-153/GO";"Sul";"Atropelamento de Animal";1;0;0;0;0;0;0;0;0;0;1;0;0;0;0
"24/10/2023";"19:17:00";"187";"ac02 - Aci";"409";"BR-414/GO";"Sul";"Atropelamento - Ciclista";1;1;0;0;0;0;0;0;0;0;1;0;0;1;0
"24/10/2023";"19:22:00";"188";"ac02 - Aci";"431,1";"BR-153/GO";"Norte";"Queda de Moto";0;0;1;1;0;0;0;0;0;1;2;1;0;0;0
"25/10/2023";"01:52:00";"14";"ac03 - Aci";"261";"BR-153/GO";"Norte";"Choque - Elemento de Drenagem";0;0;1;0;0;0;0;0;0;0;1;0;0;0;0
"25/10/2023";"17:27:00";"154";"ac03 - Aci";"133";"BR-153/GO";"Norte";"Colisão Traseira";2;0;0;0;0;0;0;0;0;0;0;7;0;0;0
"25/10/2023";"19:07:00";"164";"ac03 - Aci";"24";"BR-153/GO";"Sul";"Tombamento";2;0;1;0;0;0;0;0;0;0;0;3;0;0;0
"25/10/2023";"22:57:00";"186";"ac03 - Aci";"276";"BR-153/GO";"Norte";"Colisão Traseira";0;0;1;0;0;1;0;0;0;0;1;0;0;0;0
"25/10/2023";"23:09:00";"189";"ac01 - Aci";"223";"BR-153/GO";"Norte";"Colisão Frontal";1;0;0;0;0;0;0;0;0;1;0;0;0;0;2
"26/10/2023";"17:57:00";"181";"ac02 - Aci";"706";"BR-153/TO";"Sul";"Queda de Moto";0;0;0;1;0;0;0;0;0;0;0;1;1;0;0
"26/10/2023";"18:54:00";"188";"ac02 - Aci";"685";"BR-153/TO";"Norte";"Queda de Ciclista";0;2;0;0;0;0;0;0;0;0;0;2;0;0;0
"27/10/2023";"13:05:00";"109";"ac03 - Aci";"436";"BR-414/GO";"Sul";"Colisão Transversal";0;0;0;0;0;0;0;0;0;1;1;0;0;0;0
"27/10/2023";"15:35:00";"134";"ac03 - Aci";"309";"BR-414/GO";"Sul";"Saida de Pista";0;0;0;0;0;0;0;0;1;0;1;0;0;0;0
"27/10/2023";"16:44:00";"148";"ac03 - Aci";"30";"BR-153/GO";"Sul";"Capotamento";1;0;0;0;0;0;0;0;0;0;2;0;0;0;0
"27/10/2023";"19:26:00";"165";"ac03 - Aci";"41";"BR-153/GO";"Norte";"Atropelamento de Animal";1;0;0;0;0;0;0;0;0;0;3;0;0;0;0
"28/10/2023";"06:13:00";"34";"ac03 - Aci";"415";"BR-153/GO";"Norte";"Tombamento";0;0;1;0;0;0;0;0;0;0;1;0;0;0;0
"28/10/2023";"18:41:00";"158";"ac02 - Aci";"303";"BR-153/GO";"Sul";"Colisão lateral no sentido contrário";1;0;0;0;0;0;0;0;0;0;1;1;0;0;0
"28/10/2023";"21:05:00";"178";"ac03 - Aci";"126";"BR-080/GO";"Norte";"Saida de Pista";1;0;0;0;0;0;0;0;0;0;1;0;0;0;0
"28/10/2023";"21:33:00";"180";"ac03 - Aci";"439";"BR-153/GO";"Norte";"Colisão Traseira";2;0;0;0;0;0;0;0;0;0;0;0;0;0;0
"28/10/2023";"21:44:00";"184";"ac03 - Aci";"749";"BR-153/TO";"Norte";"Colisão lateral no mesmo sentido";1;0;0;0;0;0;0;0;0;0;1;1;1;0;0
"29/10/2023";"03:10:00";"21";"ac02 - Aci";"435";"BR-414/GO";"Norte";"Colisão Traseira";1;0;0;0;0;1;0;0;0;0;0;0;1;0;0
"29/10/2023";"17:10:00";"158";"ac02 - Aci";"308,46";"BR-414/GO";"Norte";"Colisão Transversal";1;0;0;1;0;0;0;0;0;0;2;0;0;1;0
"29/10/2023";"18:56:00";"177";"ac02 - Aci";"176";"BR-153/GO";"Sul";"Capotamento";1;0;0;0;0;0;0;0;0;0;0;0;2;0;0
"29/10/2023";"19:34:00";"180";"ac02 - Aci";"208";"BR-153/GO";"Norte";"Saida de Pista";1;0;0;0;0;0;0;0;0;0;0;1;0;0;0
"29/10/2023";"22:19:00";"195";"ac03 - Aci";"354,001";"BR-153/GO";"Norte";"Atropelamento de Animal";0;0;0;0;1;0;0;0;0;1;2;0;0;0;0
"30/10/2023";"12:41:00";"101";"ac03 - Aci";"155";"BR-080/GO";"Norte";"Colisão lateral no mesmo sentido";1;0;0;0;0;1;0;0;0;0;2;0;0;0;0
"30/10/2023";"15:08:00";"123";"ac03 - Aci";"442";"BR-153/GO";"Norte";"Colisão Traseira";2;0;0;0;0;1;0;0;0;0;2;0;0;0;0
"31/10/2023";"07:23:00";"42";"ac02 - Aci";"204";"BR-153/GO";"Sul";"Capotamento";1;0;0;0;0;0;0;0;0;0;0;0;1;0;0
"31/10/2023";"21:10:00";"190";"ac03 - Aci";"126";"BR-080/GO";"Norte";"Saida de Pista";0;0;1;0;0;0;0;0;0;0;2;0;0;0;0
"01/11/2023";"04:26:00";"26";"ac03 - Aci";"208";"BR-153/GO";"Sul";"Saida de Pista";1;0;0;0;0;1;0;0;0;0;1;0;0;0;0
"01/11/2023";"21:21:00";"191";"ac03 - Aci";"321,5";"BR-153/GO";"Norte";"Saida de Pista";0;0;0;0;0;0;0;0;0;1;1;0;0;0;0
"01/11/2023";"21:53:00";"196";"ac03 - Aci";"438,9";"BR-414/GO";"Norte";"Saida de Pista";1;0;0;0;0;0;0;0;0;0;0;0;0;0;0
"02/11/2023";"03:52:00";"18";"ac02 - Aci";"135";"BR-153/GO";"Norte";"Carreta deu L";0;0;2;0;1;0;0;0;0;0;33;3;0;0;0
"02/11/2023";"03:54:00";"19";"ac03 - Aci";"189";"BR-153/GO";"Norte";"Colisão Frontal";1;0;0;0;0;1;0;0;0;0;2;0;0;0;0
"02/11/2023";"04:20:00";"20";"ac02 - Aci";"328";"BR-153/GO";"Norte";"Saida de Pista";1;0;0;0;0;1;0;0;0;0;1;0;1;0;0
"02/11/2023";"14:12:00";"120";"ac02 - Aci";"426,8";"BR-153/GO";"Sul";"Capotamento";1;0;0;0;0;0;0;0;0;0;0;2;0;0;0
"02/11/2023";"14:45:00";"127";"ac02 - Aci";"348";"BR-414/GO";"Sul";"Saida de Pista";1;0;0;0;0;0;0;0;0;0;1;0;1;0;0
"02/11/2023";"15:19:00";"135";"ac03 - Aci";"113";"BR-080/GO";"Norte";"Saida de Pista";1;0;0;0;0;0;0;0;0;0;1;0;0;0;0
"03/11/2023";"03:07:00";"11";"ac03 - Aci";"422,8";"BR-153/GO";"Norte";"Atropelamento de Animal";1;0;0;0;0;0;0;0;0;0;3;0;0;0;0
"03/11/2023";"06:21:00";"26";"ac03 - Aci";"438";"BR-153/GO";"Norte";"Choque - Defensa metálica";0;0;1;0;0;0;0;0;0;0;1;0;0;0;0
"03/11/2023";"06:43:00";"30";"ac03 - Aci";"437";"BR-153/GO";"Norte";"Colisão Traseira";1;0;1;0;0;0;0;0;0;0;1;0;0;0;0
"03/11/2023";"07:46:00";"37";"ac03 - Aci";"437";"BR-153/GO";"Norte";"Colisão Traseira";1;0;0;1;0;0;0;0;0;0;2;0;0;0;0
"03/11/2023";"14:02:00";"105";"ac03 - Aci";"428";"BR-153/GO";"Sul";"Queda de Ciclista";0;1;0;0;0;0;0;0;0;0;0;0;0;0;0
"03/11/2023";"14:16:00";"108";"ac02 - Aci";"799";"BR-153/TO";"Norte";"Colisão Transversal";0;0;1;1;0;0;0;0;0;0;1;0;1;0;0
"03/11/2023";"14:19:00";"109";"ac03 - Aci";"389";"BR-414/GO";"Sul";"Colisão lateral no sentido contrário";0;0;2;0;0;0;0;0;0;0;0;0;0;0;0
"03/11/2023";"17:26:00";"137";"ac03 - Aci";"674";"BR-153/TO";"Sul";"Colisão lateral no mesmo sentido";1;0;1;0;0;0;0;0;0;0;2;0;0;0;0
"03/11/2023";"19:17:00";"150";"ac03 - Aci";"377";"BR-153/GO";"Norte";"Saida de Pista";0;0;1;0;0;0;0;0;0;0;0;0;0;0;0
"03/11/2023";"19:44:00";"155";"ac02 - Aci";"67";"BR-153/GO";"Norte";"Queda de Moto";0;0;0;1;0;0;0;0;0;0;0;0;1;0;0
"03/11/2023";"19:55:00";"160";"ac03 - Aci";"350,1";"BR-153/GO";"Norte";"Colisão lateral no sentido contrário";1;0;0;0;0;2;0;0;0;0;1;0;0;0;0
"04/11/2023";"09:00:00";"61";"ac03 - Aci";"443";"BR-153/GO";"Norte";"Colisão Traseira";2;0;0;0;0;0;0;0;0;0;2;0;0;0;0
"04/11/2023";"09:16:00";"66";"ac01 - Aci";"389,7";"BR-414/GO";"Sul";"Colisão Frontal";1;0;2;0;0;0;0;0;0;0;0;0;0;0;1
"04/11/2023";"11:38:00";"93";"ac03 - Aci";"733";"BR-153/TO";"Sul";"Colisão lateral no mesmo sentido";1;0;1;0;0;0;0;0;0;0;2;0;0;0;0
"04/11/2023";"20:46:00";"186";"ac03 - Aci";"437";"BR-153/GO";"Sul";"Colisão lateral no mesmo sentido";1;0;0;0;0;1;0;0;0;0;2;0;0;0;0
"05/11/2023";"11:59:00";"97";"ac03 - Aci";"122";"BR-080/GO";"Sul";"Queda de Moto";0;0;0;1;0;0;0;0;0;0;0;0;0;1;0
"05/11/2023";"13:24:00";"109";"ac03 - Aci";"408";"BR-414/GO";"Norte";"Saida de Pista";1;0;0;0;0;0;0;0;0;0;1;0;0;0;0
"05/11/2023";"16:08:00";"155";"ac03 - Aci";"408";"BR-153/GO";"Sul";"Colisão Traseira";2;0;0;0;0;2;0;0;0;0;5;0;0;0;0
"05/11/2023";"16:41:00";"159";"ac02 - Aci";"339,5";"BR-414/GO";"Norte";"Saida de Pista";1;0;0;0;0;0;0;0;0;0;2;1;0;0;0
"05/11/2023";"17:05:00";"165";"ac03 - Aci";"339";"BR-153/GO";"Norte";"Engavetamento";1;0;1;0;0;0;0;0;0;0;5;0;0;0;0
"06/11/2023";"00:59:00";"4";"ac03 - Aci";"352,5";"BR-153/GO";"Norte";"Tombamento";0;0;1;0;0;0;0;0;0;0;1;0;0;0;0
"06/11/2023";"15:38:00";"155";"ac03 - Aci";"701";"BR-153/TO";"Norte";"Colisão lateral no sentido contrário";1;0;0;0;0;0;0;0;0;1;3;0;0;0;0
"06/11/2023";"18:22:00";"189";"ac03 - Aci";"59";"BR-153/GO";"Sul";"Atropelamento de Animal";1;0;0;0;0;0;0;0;0;0;4;0;0;0;0
"07/11/2023";"00:57:00";"5";"ac03 - Aci";"443";"BR-153/GO";"Sul";"Choque - Outros";1;0;0;0;0;0;0;0;0;0;0;0;0;0;0
"07/11/2023";"05:52:00";"29";"ac02 - Aci";"432,5";"BR-153/GO";"Norte";"Choque - Poste";1;0;0;0;0;0;0;0;0;0;0;1;0;0;0
"07/11/2023";"06:50:00";"36";"ac02 - Aci";"355";"BR-414/GO";"Norte";"Capotamento";1;0;0;0;0;0;0;0;0;0;0;2;0;0;0
"07/11/2023";"20:18:00";"180";"ac03 - Aci";"55";"BR-153/GO";"Norte";"Choque - Arvore";0;0;1;0;0;0;0;0;0;0;1;0;0;0;0
"08/11/2023";"00:51:00";"7";"ac03 - Aci";"712";"BR-153/TO";"Sul";"Atropelamento de Animal";1;0;0;0;0;0;0;0;0;0;2;0;0;0;0
"08/11/2023";"08:18:00";"54";"ac03 - Aci";"442";"BR-153/GO";"Norte";"Colisão Traseira";1;0;0;0;0;0;0;0;0;1;1;0;0;0;0
"09/11/2023";"07:17:00";"40";"ac02 - Aci";"717";"BR-153/TO";"Sul";"Colisão lateral no sentido contrário";2;0;1;0;0;0;0;0;0;0;2;1;0;0;0