data;horario;n_da_ocorrencia;tipo_de_ocorrencia;km;trecho;sentido;tipo_de_acidente;automovel;bicicleta;caminhao;moto;onibus;outros;tracao_animal;transporte_de_cargas_especiais;trator_maquinas;utilitarios;ilesos;levemente_feridos;moderadamente_feridos;gravemente_feridos;mortos
"19/02/2024";"19:49:00";"176";"Sem vítima";"785,500";"BR-153/TO";"Crescente";"Saída de pista";0;0;1;0;0;0;0;0;0;0;2;0;0;0;0
"20/02/2024";"05:37:00";"28";"Com vítima";"86,300";"BR-153/GO";"Decrescente";"Saída de pista";0;0;0;0;0;0;0;0;0;1;1;1;0;0;0
"20/02/2024";"14:14:00";"127";"Sem vítima";"200,000";"BR-153/GO";"Crescente";"Colisão traseira";0;0;0;0;0;0;0;0;0;2;3;0;0;0;0
"20/02/2024";"15:33:00";"146";"Sem vítima";"375,000";"BR-153/GO";"Crescente";"Engavetamento";2;0;0;0;0;1;0;0;0;0;7;0;0;0;0
"20/02/2024";"22:37:00";"202";"Sem vítima";"422,900";"BR-414/GO";"Decrescente";"Saída de pista";1;0;0;0;0;0;0;0;0;0;1;0;0;0;0
"21/02/2024";"05:43:00";"32";"Sem vítima";"300,000";"BR-153/GO";"Crescente";"Colisão frontal";2;0;0;0;0;0;0;0;0;0;2;0;0;0;0
"21/02/2024";"06:41:00";"39";"Com vítima";"772,600";"BR-153/TO";"Crescente";"Saída de pista";1;0;0;0;0;0;0;0;0;0;3;1;1;0;0
"21/02/2024";"07:38:00";"52";"Com vítima";"440,000";"BR-414/GO";"Decrescente";"Colisão traseira";1;0;0;1;0;1;0;0;0;0;2;0;1;0;0
"21/02/2024";"07:46:00";"56";"Sem vítima";"442,000";"BR-153/GO";"Decrescente";"Saída de pista";1;0;0;0;0;0;0;0;0;0;1;0;0;0;0
"21/02/2024";"08:11:00";"57";"Sem vítima";"751,000";"BR-153/TO";"Crescente";"Tombamento";0;0;0;0;0;2;0;0;0;0;2;0;0;0;0
"21/02/2024";"09:40:00";"84";"Com vítima";"200,000";"BR-153/GO";"Crescente";"Colisão transversal";1;0;0;0;0;1;0;0;0;1;4;1;0;0;0
"21/02/2024";"17:03:00";"159";"Sem vítima";"407,200";"BR-414/GO";"Crescente";"Saída de pista";1;0;0;0;0;0;0;0;0;0;1;0;0;0;0
"22/02/2024";"09:23:00";"90";"Sem vítima";"76,000";"BR-153/GO";"Decrescente";"Colisão traseira";2;0;0;0;0;0;0;0;0;0;4;0;0;0;0
"22/02/2024";"12:53:00";"132";"Sem vítima";"325,000";"BR-153/GO";"Decrescente";"Tombamento";0;0;1;0;0;0;0;0;0;0;2;0;0;0;0
"22/02/2024";"14:15:00";"142";"Sem vítima";"671,800";"BR-153/TO";"Decrescente";"Saída de pista";1;0;0;0;0;0;0;0;0;0;1;0;0;0;0
"22/02/2024";"15:00:00";"150";"Sem vítima";"436,000";"BR-153/GO";"Decrescente";"Colisão traseira";0;0;0;1;0;0;0;0;0;1;2;0;0;0;0
"22/02/2024";"15:00:00";"151";"Sem vítima";"671,000";"BR-153/TO";"Crescente";"Colisão traseira";2;0;0;0;0;0;0;0;0;0;2;0;0;0;0
"22/02/2024";"18:29:00";"182";"Com vítima";"427,800";"BR-153/GO";"Crescente";"Colisão transversal";0;0;0;1;1;0;0;0;0;0;1;0;0;0;1
"23/02/2024";"13:33:00";"135";"Sem vítima";"86,000";"BR-153/GO";"Decrescente";"Colisão traseira";1;0;0;0;0;0;0;0;0;1;3;0;0;0;0
"23/02/2024";"13:34:00";"136";"Com vítima";"623,500";"BR-153/TO";"Crescente";"Colisão transversal";1;0;0;1;0;0;0;0;0;0;3;1;0;0;0
"23/02/2024";"19:30:00";"203";"Com vítima";"411,000";"BR-414/GO";"Decrescente";"Atropelamento de pedestre";1;0;0;0;0;0;0;0;0;0;1;0;0;1;0
"23/02/2024";"20:12:00";"213";"Sem vítima";"438,800";"BR-153/GO";"Decrescente";"Saída de pista";1;0;0;0;0;0;0;0;0;0;1;0;0;0;0
"23/02/2024";"23:18:00";"239";"Sem vítima";"160,000";"BR-153/GO";"Decrescente";"Saída de pista";0;0;0;0;0;1;0;0;0;0;1;0;0;0;0
"24/02/2024";"01:58:00";"13";"Com vítima";"224,000";"BR-153/GO";"Decrescente";"Colisão lateral em sentido contrário";0;0;0;0;0;2;0;0;0;1;0;3;0;1;0
"24/02/2024";"14:38:00";"132";"Com vítima";"339,500";"BR-414/GO";"Decrescente";"Saída de pista";0;0;0;0;0;1;0;0;0;0;0;0;1;0;0
"24/02/2024";"21:13:00";"201";"Sem vítima";"427,000";"BR-153/GO";"Crescente";"Saída de pista";1;0;0;0;0;0;0;0;0;0;1;0;0;0;0
"25/02/2024";"12:30:00";"78";"Sem vítima";"306,200";"BR-414/GO";"Decrescente";"Saída de pista";1;0;0;0;0;0;0;0;0;0;2;0;0;0;0
"25/02/2024";"19:45:00";"167";"Com vítima";"424,300";"BR-153/GO";"Crescente";"Colisão lateral no mesmo sentido";0;0;0;1;0;0;0;0;0;0;0;1;1;0;0
"25/02/2024";"23:17:00";"209";"Com vítima";"201,500";"BR-153/GO";"Crescente";"Atropelamento de pedestre";0;0;0;0;1;0;0;0;0;0;3;0;0;0;1
"26/02/2024";"22:25:00";"196";"Com vítima";"189,800";"BR-153/GO";"Decrescente";"Atropelamento de animal";1;0;0;0;0;0;0;0;0;0;2;0;0;0;0
"27/02/2024";"00:40:00";"3";"Sem vítima";"434,950";"BR-414/GO";"Decrescente";"Saída de pista";1;0;0;0;0;0;0;0;0;0;1;0;0;0;0
"28/02/2024";"15:34:00";"118";"Sem vítima";"356,000";"BR-153/GO";"Crescente";"Colisão transversal";2;0;0;0;0;0;0;0;0;0;5;0;0;0;0
"28/02/2024";"22:32:00";"176";"Com vítima";"345,500";"BR-153/GO";"Crescente";"Tombamento";0;0;1;0;0;0;0;0;0;0;0;4;0;0;0
"29/02/2024";"02:24:00";"15";"Com vítima";"6,500";"BR-153/GO";"Decrescente";"Colisão traseira";0;0;2;0;0;0;0;0;0;0;0;1;1;0;0
"29/02/2024";"07:10:00";"39";"Sem vítima";"367,700";"BR-153/GO";"Decrescente";"Colisão traseira";1;0;0;0;0;0;0;0;0;1;2;0;0;0;0
"29/02/2024";"09:00:00";"69";"Sem vítima";"260,000";"BR-153/GO";"Decrescente";"Colisão traseira";0;0;0;0;0;2;0;0;0;0;2;0;0;0;0
"29/02/2024";"17:46:00";"145";"Sem vítima";"357,000";"BR-153/GO";"Decrescente";"Colisão traseira";1;0;0;0;0;0;0;0;0;0;1;0;0;0;0
"29/02/2024";"18:35:00";"152";"Sem vítima";"419,000";"BR-414/GO";"Crescente";"Colisão traseira";2;0;0;0;0;0;0;0;0;0;2;0;0;0;0
"29/02/2024";"19:29:00";"163";"Com vítima";"3,000";"BR-153/GO";"Crescente";"Queda de moto";0;0;0;1;0;0;0;0;0;0;0;1;0;0;0
"29/02/2024";"19:48:00";"167";"Com vítima";"385,100";"BR-414/GO";"Crescente";"Queda de moto";0;0;0;1;0;0;0;0;0;0;0;1;0;0;0
"29/02/2024";"20:21:00";"173";"Com vítima";"439,000";"BR-414/GO";"Decrescente";"Atropelamento de ciclista";0;1;0;1;0;0;0;0;0;0;0;0;1;0;0
"01/03/2024";"07:16:00";"38";"Sem vítima";"725,000";"BR-153/TO";"Crescente";"Atropelamento de animal";1;0;0;0;0;0;0;0;0;0;1;0;0;0;0
"01/03/2024";"07:26:00";"41";"Sem vítima";"410,900";"BR-153/GO";"Crescente";"Colisão traseira";0;0;0;0;0;0;0;0;0;2;3;0;0;0;0
"01/03/2024";"07:58:00";"51";"Com vítima";"795,000";"BR-153/TO";"Decrescente";"Queda de moto";0;0;0;1;0;0;0;0;0;0;0;0;1;0;0
"01/03/2024";"10:41:00";"79";"Sem vítima";"354,900";"BR-153/GO";"Decrescente";"Colisão transversal";1;0;0;0;0;0;0;0;0;1;2;0;0;0;0
"01/03/2024";"17:03:00";"146";"Com vítima";"351,700";"BR-153/GO";"Crescente";"Saída de pista";0;0;0;0;0;1;0;0;0;0;0;0;1;0;0
"01/03/2024";"17:23:00";"151";"Sem vítima";"395,700";"BR-153/GO";"Decrescente";"Colisão traseira";0;0;0;0;0;1;0;0;0;1;2;0;0;0;0
"01/03/2024";"18:07:00";"157";"Com vítima";"318,010";"BR-414/GO";"Crescente";"Colisão traseira";1;0;1;0;0;0;0;0;0;0;1;0;0;1;0
"02/03/2024";"06:15:00";"37";"Sem vítima";"309,000";"BR-414/GO";"Decrescente";"Atropelamento de animal";1;0;0;0;0;0;0;0;0;0;1;0;0;0;0
"02/03/2024";"11:44:00";"101";"Com vítima";"442,000";"BR-153/GO";"Crescente";"Colisão traseira";1;0;0;1;0;0;0;0;0;0;1;1;0;0;0
"02/03/2024";"14:03:00";"122";"Com vítima";"677,800";"BR-153/TO";"Crescente";"Queda de moto";0;0;0;1;0;0;0;0;0;0;0;2;0;0;0
"02/03/2024";"17:56:00";"158";"Sem vítima";"96,000";"BR-153/GO";"Crescente";"Colisão traseira";0;0;1;0;0;1;0;0;0;0;3;0;0;0;0
"03/03/2024";"05:47:00";"30";"Com vítima";"436,000";"BR-153/GO";"Decrescente";"Queda de moto";0;0;0;1;0;0;0;0;0;0;0;0;2;0;0
"03/03/2024";"07:16:00";"45";"Com vítima";"332,000";"BR-153/GO";"Decrescente";"Capotamento";1;0;0;0;0;0;0;0;0;0;0;1;0;0;0
"03/03/2024";"11:30:00";"93";"Sem vítima";"423,000";"BR-414/GO";"Crescente";"Colisão traseira";1;0;0;0;0;1;0;0;0;0;2;0;0;0;0
"03/03/2024";"12:32:00";"99";"Com vítima";"130,000";"BR-080/GO";"Decrescente";"Colisão lateral em sentido contrário";1;0;0;0;0;1;0;0;0;0;3;0;1;0;0
"03/03/2024";"13:54:00";"113";"Sem vítima";"773,000";"BR-153/TO";"Crescente";"Saída de pista";0;0;0;0;0;2;0;0;0;0;2;0;0;0;0
"03/03/2024";"14:31:00";"119";"Sem vítima";"402,000";"BR-414/GO";"Crescente";"Colisão lateral em sentido contrário";1;0;0;0;0;0;0;0;0;1;4;0;0;0;0
"03/03/2024";"15:28:00";"135";"Sem vítima";"378,000";"BR-414/GO";"Decrescente";"Saída de pista";1;0;0;0;0;0;0;0;0;0;2;0;0;0;0
"03/03/2024";"16:50:00";"150";"Sem vítima";"421,000";"BR-153/GO";"Crescente";"Saída de pista";0;0;0;0;0;0;0;0;0;1;2;0;0;0;0
"03/03/2024";"18:51:00";"169";"Sem vítima";"207,000";"BR-153/GO";"Crescente";"Colisão lateral em sentido contrário";0;0;0;0;0;1;0;0;0;1;2;0;0;0;0
"03/03/2024";"19:59:00";"178";"Sem vítima";"135,000";"BR-153/GO";"Decrescente";"Atropelamento de animal";1;0;0;0;0;0;0;0;0;0;2;0;0;0;0
"04/03/2024";"01:16:00";"3";"Sem vítima";"319,000";"BR-153/GO";"Decrescente";"Saída de pista";1;0;0;0;0;0;0;0;0;0;1;0;0;0;0
"04/03/2024";"14:37:00";"121";"Sem vítima";"288,500";"BR-153/GO";"Crescente";"Saída de pista";0;0;0;0;0;0;0;0;0;1;2;0;0;0;0
"05/03/2024";"05:18:00";"22";"Sem vítima";"126,190";"BR-080/GO";"Crescente";"Saída de pista";0;0;0;0;0;0;0;0;0;1;1;0;0;0;0
"05/03/2024";"10:22:00";"73";"Com vítima";"440,000";"BR-414/GO";"Crescente";"Queda de moto";1;0;0;1;0;0;0;0;0;0;1;1;0;0;0
"06/03/2024";"16:39:00";"133";"Sem vítima";"440,000";"BR-153/GO";"Decrescente";"Colisão traseira";2;0;0;0;0;0;0;0;0;0;2;0;0;0;0
"06/03/2024";"17:35:00";"147";"Sem vítima";"301,050";"BR-414/GO";"Crescente";"Colisão lateral no mesmo sentido";1;0;1;0;0;0;0;0;0;0;3;0;0;0;0
"06/03/2024";"22:44:00";"201";"Sem vítima";"785,000";"BR-153/TO";"Crescente";"Atropelamento de animal";0;0;1;0;0;0;0;0;0;0;1;0;0;0;0
"07/03/2024";"03:24:00";"11";"Sem vítima";"210,575";"BR-153/GO";"Crescente";"Saída de pista";1;0;0;0;0;0;0;0;0;0;1;0;0;0;0
"07/03/2024";"07:00:00";"27";"Com vítima";"145,000";"BR-153/GO";"Decrescente";"Colisão frontal";0;0;0;1;0;2;0;0;0;0;1;1;0;0;1
"07/03/2024";"10:33:00";"69";"Sem vítima";"28,000";"BR-153/GO";"Crescente";"Colisão traseira";1;0;0;0;0;1;0;0;0;0;2;0;0;0;0
"07/03/2024";"14:54:00";"111";"Sem vítima";"426,000";"BR-153/GO";"Crescente";"Capotamento";0;0;0;0;0;0;0;0;0;1;1;0;0;0;0
"08/03/2024";"04:06:00";"15";"Sem vítima";"174,000";"BR-153/GO";"Decrescente";"Saída de pista";0;0;0;0;0;1;0;0;0;0;1;0;0;0;0
"08/03/2024";"09:17:00";"60";"Com vítima";"75,000";"BR-153/GO";"Decrescente";"Saída de pista";1;0;0;0;0;0;0;0;0;0;1;3;0;0;0
"08/03/2024";"15:34:00";"127";"Com vítima";"404,000";"BR-153/GO";"Crescente";"Saída de pista";0;0;0;0;0;0;0;0;0;1;0;0;1;0;0
"08/03/2024";"15:48:00";"133";"Com vítima";"687,000";"BR-153/TO";"Decrescente";"Queda de moto";0;0;0;1;0;0;0;0;0;0;1;1;0;0;0
"08/03/2024";"20:19:00";"178";"Sem vítima";"369,300";"BR-414/GO";"Decrescente";"Atropelamento de animal";1;0;0;0;0;0;0;0;0;0;1;0;0;0;0
"08/03/2024";"22:54:00";"193";"Com vítima";"673,900";"BR-153/TO";"Crescente";"Queda de moto";0;0;0;1;0;0;0;0;0;0;0;1;0;0;0
"09/03/2024";"05:43:00";"31";"Sem vítima";"721,100";"BR-153/TO";"Crescente";"Colisão traseira";2;0;0;0;0;0;0;0;0;0;3;0;0;0;0
"09/03/2024";"06:59:00";"41";"Sem vítima";"314,500";"BR-153/GO";"Decrescente";"Colisão traseira";2;0;0;0;0;0;0;0;0;0;4;0;0;0;0
"09/03/2024";"16:00:00";"146";"Sem vítima";"310,000";"BR-153/GO";"Decrescente";"Capotamento";1;0;0;0;0;0;0;0;0;0;2;0;0;0;0
"09/03/2024";"22:56:00";"207";"Com vítima";"693,000";"BR-153/TO";"Crescente";"Saída de pista";1;0;0;0;0;0;0;0;0;0;0;0;1;0;0
"09/03/2024";"23:39:00";"212";"Sem vítima";"763,800";"BR-153/TO";"Decrescente";"Saída de pista";1;0;0;0;0;0;0;0;0;0;2;0;0;0;0
"10/03/2024";"00:28:00";"7";"Sem vítima";"400,250";"BR-414/GO";"Crescente";"Saída de pista";0;0;0;0;0;0;0;0;0;1;1;0;0;0;0
"10/03/2024";"06:28:00";"33";"Sem vítima";"433,000";"BR-153/GO";"Crescente";"Saída de pista";1;0;0;0;0;0;0;0;0;0;1;0;0;0;0
"10/03/2024";"09:24:00";"62";"Com vítima";"434,000";"BR-414/GO";"Decrescente";"Queda de moto";0;0;0;1;0;0;0;0;0;0;0;1;0;0;0
"10/03/2024";"18:40:00";"157";"Sem vítima";"158,700";"BR-153/GO";"Decrescente";"Colisão traseira";1;0;0;0;0;1;0;0;0;0;3;0;0;0;0
"11/03/2024";"02:58:00";"17";"Sem vítima";"778,600";"BR-153/TO";"Decrescente";"Saída de pista";0;0;1;0;0;0;0;0;0;0;2;0;0;0;0
"11/03/2024";"09:03:00";"62";"Com vítima";"415,000";"BR-414/GO";"Crescente";"Queda de moto";0;0;0;1;0;1;0;0;0;0;1;1;0;0;0
"11/03/2024";"14:34:00";"106";"Sem vítima";"660,000";"BR-153/TO";"Crescente";"Colisão traseira";2;0;0;0;0;1;0;0;0;0;3;0;0;0;0
"11/03/2024";"15:15:00";"117";"Sem vítima";"697,000";"BR-153/TO";"Decrescente";"Colisão lateral em sentido contrário";0;0;0;0;0;1;0;0;0;1;5;0;0;0;0
"11/03/2024";"18:38:00";"148";"Com vítima";"442,850";"BR-153/GO";"Crescente";"Atropelamento de pedestre";0;0;1;0;0;0;0;0;0;0;1;1;0;0;0
"11/03/2024";"18:58:00";"154";"Com vítima";"362,000";"BR-414/GO";"Crescente";"Saída de pista";1;0;0;0;0;0;0;0;0;0;3;1;0;0;0
"12/03/2024";"03:49:00";"24";"Sem vítima";"223,000";"BR-153/GO";"Crescente";"Saída de pista";1;0;0;0;0;0;0;0;0;0;1;0;0;0;0
"12/03/2024";"20:54:00";"190";"Sem vítima";"377,000";"BR-153/GO";"Crescente";"Atropelamento de animal";1;0;0;0;0;0;0;0;0;0;1;0;0;0;0
"13/03/2024";"03:16:00";"11";"Com vítima";"427,000";"BR-153/GO";"Decrescente";"Atropelamento de pedestre";0;0;0;0;0;0;0;0;0;0;0;0;1;0;0
"13/03/2024";"14:11:00";"113";"Com vítima";"137,000";"BR-153/GO";"Crescente";"Colisão lateral em sentido contrário";0;0;1;0;0;0;0;0;0;1;3;2;0;0;0
"13/03/2024";"15:44:00";"122";"Com vítima";"438,000";"BR-153/GO";"Crescente";"Saída de pista";0;0;0;0;0;0;0;0;0;1;0;0;1;0;0
"13/03/2024";"21:48:00";"185";"Sem vítima";"218,000";"BR-153/GO";"Decrescente";"Atropelamento de animal";0;0;0;0;0;0;0;0;0;1;4;0;0;0;0
"14/03/2024";"07:19:00";"36";"Com vítima";"434,000";"BR-153/GO";"Crescente";"Colisão lateral no mesmo sentido";1;0;0;1;0;0;0;0;0;0;1;0;2;0;0
"14/03/2024";"14:20:00";"109";"Com vítima";"296,000";"BR-153/GO";"Crescente";"Colisão transversal";1;0;0;1;0;0;0;0;0;0;3;1;0;0;0
"14/03/2024";"16:26:00";"136";"Com vítima";"678,400";"BR-153/TO";"Crescente";"Colisão lateral em sentido contrário";1;0;0;1;0;1;0;0;0;0;3;0;1;0;0
"14/03/2024";"19:50:00";"165";"Com vítima";"437,000";"BR-153/GO";"Decrescente";"Choque";0;0;0;1;0;0;0;0;0;0;0;0;1;0;0
"14/03/2024";"23:23:00";"193";"Sem vítima";"151,000";"BR-153/GO";"Crescente";"Atropelamento de animal";1;0;0;0;0;0;0;0;0;0;1;0;0;0;0
"15/03/2024";"22:48:00";"229";"Com vítima";"436,000";"BR-153/GO";"Crescente";"Queda de moto";0;0;0;1;0;0;0;0;0;0;0;1;0;0;0
"16/03/2024";"05:26:00";"38";"Com vítima";"624,000";"BR-153/TO";"Decrescente";"Saída de pista";0;0;1;0;0;1;0;0;0;0;1;1;0;0;0
"16/03/2024";"05:34:00";"40";"Sem vítima";"234,000";"BR-153/GO";"Crescente";"Colisão traseira";0;0;0;0;0;1;0;0;0;1;2;0;0;0;0
"16/03/2024";"07:15:00";"53";"Sem vítima";"695,000";"BR-153/TO";"Crescente";"Colisão lateral no mesmo sentido";0;0;2;0;0;1;0;0;0;0;3;0;0;0;0
"16/03/2024";"16:07:00";"160";"Sem vítima";"328,000";"BR-153/GO";"Decrescente";"Saída de pista";1;0;0;0;0;0;0;0;0;0;1;0;0;0;0
"16/03/2024";"16:57:00";"169";"Sem vítima";"421,000";"BR-153/GO";"Crescente";"Saída de pista";1;0;0;0;0;1;0;0;0;0;2;0;0;0;0
"17/03/2024";"06:33:00";"34";"Sem vítima";"376,500";"BR-153/GO";"Decrescente";"Colisão traseira";1;0;0;0;0;0;0;0;0;0;1;0;0;0;0
"17/03/2024";"06:38:00";"36";"Sem vítima";"405,000";"BR-153/GO";"Decrescente";"Saída de pista";1;0;0;0;0;0;0;0;0;0;1;0;0;0;0
"17/03/2024";"13:09:00";"114";"Sem vítima";"139,000";"BR-080/GO";"Decrescente";"Saída de pista";1;0;0;0;0;0;0;0;0;0;1;0;0;0;0
"17/03/2024";"20:12:00";"186";"Com vítima";"761,000";"BR-153/TO";"Decrescente";"Colisão transversal";1;0;0;1;0;0;0;0;0;0;3;0;1;0;0
"18/03/2024";"05:22:00";"25";"Sem vítima";"310,000";"BR-414/GO";"Crescente";"Atropelamento de animal";1;0;0;0;0;0;0;0;0;0;3;0;0;0;0
"18/03/2024";"06:05:00";"33";"Sem vítima";"126,000";"BR-080/GO";"Decrescente";"Saída de pista";1;0;0;0;0;0;0;0;0;0;4;0;0;0;0
"18/03/2024";"06:51:00";"41";"Com vítima";"68,000";"BR-153/GO";"Decrescente";"Queda de moto";0;0;0;1;0;0;0;0;0;0;0;0;1;0;0
"18/03/2024";"06:52:00";"42";"Com vítima";"437,000";"BR-153/GO";"Decrescente";"Saída de pista";0;0;0;1;0;0;0;0;0;0;0;0;0;1;0
"18/03/2024";"15:33:00";"137";"Com vítima";"402,800";"BR-414/GO";"Crescente";"Saída de pista";0;0;0;0;0;0;0;0;0;1;0;1;2;0;0
"19/03/2024";"04:40:00";"17";"Com vítima";"147,000";"BR-153/GO";"Crescente";"Atropelamento de animal";1;0;0;0;0;0;0;0;0;0;4;0;0;0;0
"20/03/2024";"05:22:00";"29";"Com vítima";"388,200";"BR-414/GO";"Decrescente";"Tombamento";0;0;1;0;0;1;0;0;0;0;2;0;0;1;0
"20/03/2024";"13:01:00";"117";"Sem vítima";"434,000";"BR-153/GO";"Crescente";"Colisão traseira";1;0;0;0;0;0;0;0;0;1;2;0;0;0;0
"20/03/2024";"16:40:00";"157";"Sem vítima";"178,000";"BR-153/GO";"Decrescente";"Colisão transversal";1;0;0;0;1;0;0;0;0;0;3;0;0;0;0
"20/03/2024";"20:06:00";"194";"Com vítima";"677,200";"BR-153/TO";"Decrescente";"Atropelamento de animal";1;0;0;0;0;0;0;0;0;0;2;0;0;0;0
"21/03/2024";"06:56:00";"38";"Sem vítima";"346,000";"BR-414/GO";"Crescente";"Capotamento";1;0;0;0;0;0;0;0;0;0;1;0;0;0;0
"21/03/2024";"07:43:00";"50";"Sem vítima";"367,000";"BR-153/GO";"Crescente";"Engavetamento";2;0;0;0;0;1;0;0;0;0;7;0;0;0;0
"21/03/2024";"08:03:00";"57";"Sem vítima";"373,000";"BR-153/GO";"Decrescente";"Tombamento";0;0;1;0;0;0;0;0;0;0;1;0;0;0;0
"21/03/2024";"09:28:00";"79";"Com vítima";"372,000";"BR-414/GO";"Decrescente";"Saída de pista";1;0;0;0;0;0;0;0;0;0;0;1;0;0;0
"21/03/2024";"12:31:00";"111";"Com vítima";"284,600";"BR-153/GO";"Decrescente";"Colisão lateral em sentido contrário";1;0;0;1;0;0;0;0;0;0;1;0;1;0;0
"21/03/2024";"13:31:00";"118";"Com vítima";"163,000";"BR-153/GO";"Crescente";"Atropelamento de animal";0;0;1;0;0;0;0;0;0;0;1;0;0;0;0
"21/03/2024";"22:30:00";"191";"Com vítima";"681,200";"BR-153/TO";"Crescente";"Colisão frontal";0;0;0;1;1;0;0;0;0;0;2;0;0;0;1
"22/03/2024";"08:49:00";"69";"Sem vítima";"434,000";"BR-153/GO";"Decrescente";"Colisão lateral no mesmo sentido";1;0;0;1;0;0;0;0;0;0;2;0;0;0;0
"22/03/2024";"09:07:00";"72";"Sem vítima";"307,800";"BR-414/GO";"Decrescente";"Queda de moto";0;0;0;1;0;0;0;0;0;0;2;0;0;0;0
"22/03/2024";"12:02:00";"108";"Sem vítima";"439,000";"BR-153/GO";"Crescente";"Colisão traseira";1;0;0;0;0;1;0;0;0;0;2;0;0;0;0
"23/03/2024";"00:49:00";"6";"Sem vítima";"674,000";"BR-153/TO";"Decrescente";"Saída de pista";0;0;0;0;0;0;0;0;0;1;1;0;0;0;0
"23/03/2024";"10:34:00";"79";"Sem vítima";"175,000";"BR-080/GO";"Decrescente";"Saída de pista";0;0;0;0;0;0;0;0;0;1;1;0;0;0;0
"23/03/2024";"11:08:00";"85";"Com vítima";"414,000";"BR-414/GO";"Crescente";"Saída de pista";1;0;0;0;0;0;0;0;0;0;3;1;0;0;0
"24/03/2024";"16:36:00";"141";"Sem vítima";"436,000";"BR-153/GO";"Crescente";"Colisão traseira";2;0;0;0;0;0;0;0;0;0;2;0;0;0;0
"24/03/2024";"19:03:00";"178";"Sem vítima";"205,000";"BR-153/GO";"Crescente";"Saída de pista";0;0;0;0;0;0;0;0;0;1;1;0;0;0;0
"24/03/2024";"20:41:00";"190";"Com vítima";"248,000";"BR-153/GO";"Decrescente";"Atropelamento de animal";1;0;0;0;0;0;0;0;0;0;1;0;0;0;0
"24/03/2024";"22:56:00";"210";"Com vítima";"431,000";"BR-153/GO";"Decrescente";"Colisão lateral no mesmo sentido";2;0;0;0;0;0;0;0;0;0;1;2;0;0;0
"25/03/2024";"01:11:00";"8";"Sem vítima";"23,900";"BR-153/GO";"Crescente";"Saída de pista";0;0;0;0;1;0;0;0;0;0;1;0;0;0;0
"25/03/2024";"06:21:00";"35";"Sem vítima";"384,200";"BR-153/GO";"Decrescente";"Colisão traseira";1;0;0;0;0;1;0;0;0;0;4;0;0;0;0
"25/03/2024";"11:40:00";"107";"Sem vítima";"383,800";"BR-153/GO";"Crescente";"Saída de pista";1;0;0;0;0;1;0;0;0;0;3;0;0;0;0
"25/03/2024";"21:34:00";"196";"Com vítima";"20,000";"BR-153/GO";"Crescente";"Atropelamento de animal";0;0;0;0;0;0;0;0;0;1;2;0;0;0;0
"26/03/2024";"14:43:00";"114";"Sem vítima";"205,000";"BR-153/GO";"Decrescente";"Colisão traseira";1;0;1;0;0;0;0;0;0;0;2;0;0;0;0
"26/03/2024";"17:03:00";"145";"Sem vítima";"181,000";"BR-153/GO";"Crescente";"Choque";0;0;0;0;0;1;0;0;0;1;5;0;0;0;0
"26/03/2024";"18:38:00";"156";"Sem vítima";"674,000";"BR-153/TO";"Decrescente";"Saída de pista";1;0;0;0;0;0;0;0;0;0;1;0;0;0;0
"27/03/2024";"11:54:00";"89";"Sem vítima";"126,000";"BR-080/GO";"Decrescente";"Saída de pista";1;0;0;0;0;0;0;0;0;0;2;0;0;0;0
"27/03/2024";"12:42:00";"99";"Sem vítima";"316,600";"BR-153/GO";"Crescente";"Choque";0;0;1;0;0;0;0;0;0;1;5;0;0;0;0
"27/03/2024";"12:49:00";"100";"Com vítima";"356,300";"BR-153/GO";"Crescente";"Colisão transversal";1;0;0;0;0;1;0;0;0;0;1;0;1;0;0
"27/03/2024";"15:29:00";"119";"Com vítima";"325,000";"BR-153/GO";"Decrescente";"Saída de pista";0;0;0;0;0;1;0;0;0;0;1;1;0;0;0
"27/03/2024";"17:24:00";"144";"Sem vítima";"286,000";"BR-153/GO";"Crescente";"Colisão traseira";1;0;0;0;0;0;0;0;0;1;2;0;0;0;0