data;horario;n_da_ocorrencia;tipo_de_ocorrencia;km;trecho;sentido;tipo_de_acidente;automovel;bicicleta;caminhao;moto;onibus;outros;tracao_animal;transporte_de_cargas_especiais;trator_maquinas;utilitarios;ilesos;levemente_feridos;moderadamente_feridos;gravemente_feridos;mortos
"27/03/2024";"21:53:00";"189";"Com vítima";"211,000";"BR-153/GO";"Decrescente";"Tombamento";0;0;0;0;0;1;0;0;0;0;0;0;1;0;0
"27/03/2024";"23:53:00";"200";"Sem vítima";"692,000";"BR-153/TO";"Decrescente";"Saída de pista";0;0;1;0;0;0;0;0;0;0;1;0;0;0;0
"28/03/2024";"02:18:00";"16";"Com vítima";"180,000";"BR-153/GO";"Crescente";"Atropelamento de animal";0;0;0;0;0;0;0;0;0;1;2;0;0;0;0
"28/03/2024";"08:19:00";"61";"Sem vítima";"207,500";"BR-153/GO";"Crescente";"Colisão traseira";1;0;0;0;0;0;0;0;0;1;6;0;0;0;0
"28/03/2024";"11:20:00";"100";"Com vítima";"306,000";"BR-153/GO";"Decrescente";"Colisão transversal";1;0;0;0;0;1;0;0;0;0;1;0;0;1;1
"28/03/2024";"13:59:00";"117";"Sem vítima";"393,000";"BR-414/GO";"Decrescente";"Colisão transversal";1;0;0;0;0;1;0;0;0;0;5;0;0;0;0
"29/03/2024";"00:05:00";"2";"Sem vítima";"408,000";"BR-153/GO";"Decrescente";"Atropelamento de animal";1;0;0;0;0;0;0;0;0;0;4;0;0;0;0
"29/03/2024";"04:03:00";"29";"Com vítima";"327,000";"BR-153/GO";"Decrescente";"Saída de pista";0;0;0;0;0;0;0;0;0;1;1;0;1;0;0
"29/03/2024";"11:53:00";"107";"Com vítima";"358,500";"BR-153/GO";"Decrescente";"Colisão transversal";1;0;0;1;0;0;0;0;0;0;2;1;0;1;0
"29/03/2024";"14:08:00";"126";"Sem vítima";"135,000";"BR-153/GO";"Decrescente";"Colisão lateral no mesmo sentido";1;0;0;0;0;0;0;0;0;0;3;0;0;0;0
"29/03/2024";"17:12:00";"169";"Com vítima";"371,000";"BR-414/GO";"Crescente";"Queda de moto";0;0;0;1;0;0;0;0;0;0;0;1;0;0;0
"30/03/2024";"09:36:00";"77";"Sem vítima";"64,800";"BR-153/GO";"Crescente";"Tombamento";0;0;0;0;0;2;0;0;0;0;2;0;0;0;0
"31/03/2024";"00:34:00";"5";"Sem vítima";"192,500";"BR-153/GO";"Decrescente";"Saída de pista";0;0;0;1;0;0;0;0;0;0;1;0;0;0;0
"31/03/2024";"02:41:00";"11";"Sem vítima";"410,000";"BR-414/GO";"Crescente";"Capotamento";0;0;0;0;0;0;0;0;0;1;2;0;0;0;0
"31/03/2024";"06:52:00";"45";"Sem vítima";"339,000";"BR-414/GO";"Decrescente";"Saída de pista";1;0;0;0;0;0;0;0;0;0;1;0;0;0;0
"31/03/2024";"16:23:00";"157";"Sem vítima";"202,000";"BR-153/GO";"Crescente";"Colisão traseira";2;0;0;0;0;0;0;0;0;0;6;0;0;0;0
"31/03/2024";"17:14:00";"169";"Sem vítima";"429,000";"BR-414/GO";"Crescente";"Colisão traseira";2;0;0;0;0;0;0;0;0;0;8;0;0;0;0
"31/03/2024";"17:22:00";"176";"Sem vítima";"412,000";"BR-153/GO";"Decrescente";"Colisão traseira";1;0;0;0;0;1;0;0;0;0;2;0;0;0;0
"31/03/2024";"17:33:00";"181";"Sem vítima";"416,000";"BR-153/GO";"Crescente";"Colisão traseira";1;0;0;0;0;1;0;0;0;0;2;0;0;0;0
"31/03/2024";"19:31:00";"208";"Com vítima";"328,000";"BR-153/GO";"Crescente";"Colisão transversal";0;0;0;1;0;1;0;0;0;0;1;0;0;1;0
"01/04/2024";"05:43:00";"32";"Sem vítima";"198,000";"BR-153/GO";"Decrescente";"Choque";0;0;1;0;1;0;0;0;0;0;2;0;0;0;0
"01/04/2024";"12:00:00";"98";"Com vítima";"208,000";"BR-153/GO";"Crescente";"Colisão traseira";1;0;1;0;0;1;0;0;0;0;2;1;0;0;0
"01/04/2024";"14:16:00";"115";"Com vítima";"29,800";"BR-153/GO";"Decrescente";"Tombamento";0;0;0;0;0;1;0;0;0;0;0;2;0;0;0
"01/04/2024";"19:45:00";"175";"Sem vítima";"296,000";"BR-153/GO";"Decrescente";"Colisão transversal";1;0;0;1;0;0;0;0;0;0;2;0;0;0;0
"01/04/2024";"22:39:00";"194";"Sem vítima";"211,000";"BR-153/GO";"Decrescente";"Saída de pista";1;0;0;0;0;0;0;0;0;0;1;0;0;0;0
"02/04/2024";"05:07:00";"15";"Com vítima";"301,500";"BR-153/GO";"Crescente";"Atropelamento de animal";0;0;0;0;0;1;0;0;0;0;1;0;0;0;0
"02/04/2024";"06:43:00";"22";"Sem vítima";"404,400";"BR-414/GO";"Decrescente";"Colisão lateral em sentido contrário";0;0;0;0;0;2;0;0;0;0;2;0;0;0;0
"02/04/2024";"19:24:00";"169";"Sem vítima";"436,800";"BR-153/GO";"Decrescente";"Engavetamento";2;0;0;0;0;0;0;0;0;1;3;0;0;0;0
"03/04/2024";"08:00:00";"50";"Com vítima";"433,800";"BR-153/GO";"Crescente";"Queda de moto";0;0;0;1;0;0;0;0;0;0;1;1;0;0;0
"03/04/2024";"13:19:00";"123";"Sem vítima";"436,800";"BR-153/GO";"Crescente";"Engavetamento";2;0;0;1;0;0;0;0;0;0;3;0;0;0;0
"03/04/2024";"15:04:00";"147";"Com vítima";"701,500";"BR-153/TO";"Crescente";"Colisão transversal";1;0;0;0;0;1;0;0;0;0;0;0;1;0;1
"03/04/2024";"18:14:00";"175";"Sem vítima";"386,300";"BR-153/GO";"Decrescente";"Saída de pista";0;0;0;0;0;0;0;0;0;1;2;0;0;0;0
"03/04/2024";"19:15:00";"188";"Com vítima";"126,000";"BR-080/GO";"Decrescente";"Saída de pista";1;0;0;0;0;0;0;0;0;0;0;3;0;0;0
"03/04/2024";"20:20:00";"199";"Sem vítima";"400,000";"BR-414/GO";"Crescente";"Carreta deu L";0;0;1;0;0;1;0;0;0;0;2;0;0;0;0
"04/04/2024";"15:35:00";"143";"Sem vítima";"671,000";"BR-153/TO";"Decrescente";"Colisão frontal";1;0;1;0;0;0;0;0;0;0;2;0;0;0;0
"04/04/2024";"17:34:00";"168";"Sem vítima";"267,700";"BR-153/GO";"Decrescente";"Saída de pista";1;0;0;0;0;0;0;0;0;0;1;0;0;0;0
"05/04/2024";"11:38:00";"98";"Sem vítima";"126,000";"BR-080/GO";"Decrescente";"Saída de pista";1;0;0;0;0;0;0;0;0;0;4;0;0;0;0
"05/04/2024";"12:15:00";"105";"Com vítima";"340,000";"BR-153/GO";"Crescente";"Colisão frontal";2;0;0;0;0;0;0;0;0;0;3;1;2;0;0
"05/04/2024";"14:27:00";"125";"Sem vítima";"356,000";"BR-153/GO";"Decrescente";"Colisão transversal";1;0;1;0;0;0;0;0;0;0;3;0;0;0;0
"05/04/2024";"15:35:00";"140";"Sem vítima";"236,000";"BR-153/GO";"Crescente";"Saída de pista";1;0;0;0;0;0;0;0;0;0;1;0;0;0;0
"05/04/2024";"15:59:00";"143";"Sem vítima";"440,000";"BR-153/GO";"Crescente";"Choque";0;0;1;0;0;0;0;0;0;0;1;0;0;0;0
"05/04/2024";"19:37:00";"179";"Sem vítima";"126,000";"BR-080/GO";"Crescente";"Saída de pista";1;0;0;0;0;0;0;0;0;0;1;0;0;0;0
"06/04/2024";"00:46:00";"3";"Com vítima";"42,000";"BR-153/GO";"Crescente";"Saída de pista";1;0;0;0;0;0;0;0;0;0;0;1;0;0;0
"06/04/2024";"08:34:00";"52";"Sem vítima";"118,000";"BR-153/GO";"Crescente";"Colisão traseira";0;0;0;0;1;1;0;0;0;0;20;0;0;0;0
"06/04/2024";"16:13:00";"143";"Sem vítima";"366,000";"BR-414/GO";"Decrescente";"Saída de pista";1;0;0;0;0;0;0;0;0;0;3;0;0;0;0
"06/04/2024";"18:35:00";"166";"Com vítima";"123,000";"BR-153/GO";"Decrescente";"Colisão lateral no mesmo sentido";1;0;0;0;0;1;0;0;0;0;3;1;1;0;0
"06/04/2024";"19:18:00";"176";"Com vítima";"440,000";"BR-153/GO";"Decrescente";"Choque";1;0;0;0;0;0;0;0;0;0;0;0;1;0;0
"06/04/2024";"23:37:00";"207";"Com vítima";"785,000";"BR-153/TO";"Crescente";"Atropelamento de pedestre";1;0;0;0;0;0;0;0;0;0;3;0;0;0;0
"07/04/2024";"02:41:00";"8";"Sem vítima";"371,300";"BR-414/GO";"Crescente";"Atropelamento de animal";1;0;0;0;0;0;0;0;0;0;4;0;0;0;0
"07/04/2024";"03:11:00";"15";"Com vítima";"638,000";"BR-153/TO";"Decrescente";"Atropelamento de animal";1;0;0;0;0;0;0;0;0;0;2;0;0;0;0
"07/04/2024";"06:45:00";"30";"Sem vítima";"195,000";"BR-153/GO";"Crescente";"Capotamento";1;0;0;0;0;0;0;0;0;0;1;0;0;0;0
"07/04/2024";"16:32:00";"152";"Com vítima";"194,000";"BR-153/GO";"Crescente";"Colisão lateral no mesmo sentido";1;0;1;0;0;0;0;0;0;1;6;3;1;0;0
"07/04/2024";"18:12:00";"166";"Com vítima";"437,000";"BR-414/GO";"Decrescente";"Colisão traseira";1;0;0;0;0;0;0;0;0;1;4;0;1;0;0
"07/04/2024";"18:54:00";"173";"Sem vítima";"275,100";"BR-153/GO";"Crescente";"Tombamento";1;0;0;0;0;1;0;0;0;0;5;0;0;0;0
"07/04/2024";"20:33:00";"186";"Sem vítima";"132,000";"BR-080/GO";"Decrescente";"Saída de pista";1;0;0;0;0;0;0;0;0;0;3;0;0;0;0
"08/04/2024";"00:05:00";"2";"Sem vítima";"357,650";"BR-414/GO";"Decrescente";"Saída de pista";1;0;0;0;0;0;0;0;0;0;1;0;0;0;0
"08/04/2024";"05:28:00";"20";"Sem vítima";"413,000";"BR-153/GO";"Crescente";"Atropelamento de animal";1;0;0;0;0;0;0;0;0;0;1;0;0;0;0
"08/04/2024";"07:29:00";"40";"Sem vítima";"182,000";"BR-153/GO";"Decrescente";"Colisão traseira";1;0;0;0;0;0;0;0;0;0;0;0;0;0;0
"08/04/2024";"08:45:00";"64";"Sem vítima";"207,000";"BR-153/GO";"Decrescente";"Colisão traseira";2;0;0;0;0;0;0;0;0;0;3;0;0;0;0
"08/04/2024";"18:05:00";"160";"Com vítima";"393,000";"BR-414/GO";"Decrescente";"Colisão lateral no mesmo sentido";1;0;0;1;0;0;0;0;0;0;1;0;1;0;0
"09/04/2024";"08:52:00";"58";"Com vítima";"211,000";"BR-153/GO";"Decrescente";"Colisão frontal";1;0;0;0;0;2;0;0;0;0;2;1;0;0;0
"09/04/2024";"10:20:00";"73";"Com vítima";"220,000";"BR-153/GO";"Crescente";"Saída de pista";1;0;0;0;0;0;0;0;0;0;0;1;1;0;0
"09/04/2024";"11:05:00";"80";"Com vítima";"374,000";"BR-414/GO";"Decrescente";"Colisão lateral no mesmo sentido";1;0;1;0;0;0;0;0;0;0;3;1;0;0;0
"09/04/2024";"13:49:00";"95";"Com vítima";"18,500";"BR-153/GO";"Decrescente";"Saída de pista";0;0;1;0;0;0;0;0;0;0;0;1;0;0;0
"09/04/2024";"19:14:00";"158";"Com vítima";"100,800";"BR-080/GO";"Decrescente";"Colisão traseira";1;0;0;0;0;1;0;0;0;0;1;0;0;0;2
"10/04/2024";"07:03:00";"43";"Sem vítima";"219,000";"BR-153/GO";"Decrescente";"Saída de pista";1;0;0;0;0;0;0;0;0;0;2;0;0;0;0
"10/04/2024";"17:22:00";"190";"Com vítima";"122,000";"BR-080/GO";"Crescente";"Queda de moto";0;0;0;1;0;0;0;0;0;0;0;1;0;0;0
"10/04/2024";"18:50:00";"206";"Com vítima";"752,000";"BR-153/TO";"Decrescente";"Colisão traseira";2;0;0;0;0;0;0;0;0;0;1;1;0;0;0
"10/04/2024";"18:58:00";"209";"Com vítima";"102,500";"BR-080/GO";"Crescente";"Saída de pista";0;0;0;0;0;1;0;0;0;0;0;1;0;0;0
"10/04/2024";"18:59:00";"210";"Com vítima";"319,500";"BR-153/GO";"Decrescente";"Colisão lateral em sentido contrário";0;0;0;1;0;2;0;0;0;0;5;1;0;0;0
"11/04/2024";"05:28:00";"21";"Com vítima";"436,000";"BR-153/GO";"Crescente";"Queda de carga";0;0;0;1;0;0;0;0;0;0;0;0;1;1;0
"11/04/2024";"08:41:00";"56";"Sem vítima";"326,250";"BR-153/GO";"Decrescente";"Colisão traseira";0;0;1;0;0;1;0;0;0;0;2;0;0;0;0
"11/04/2024";"11:29:00";"85";"Sem vítima";"203,700";"BR-153/GO";"Decrescente";"Colisão lateral no mesmo sentido";2;0;0;0;0;0;0;0;0;0;3;0;0;0;0
"11/04/2024";"13:37:00";"114";"Sem vítima";"386,000";"BR-414/GO";"Decrescente";"Saída de pista";1;0;0;0;0;0;0;0;0;0;1;0;0;0;0
"11/04/2024";"14:54:00";"133";"Sem vítima";"630,850";"BR-153/TO";"Decrescente";"Colisão traseira";0;0;0;0;0;2;0;0;0;0;2;0;0;0;0
"11/04/2024";"18:43:00";"175";"Com vítima";"316,000";"BR-153/GO";"Decrescente";"Colisão traseira";0;0;0;1;0;1;0;0;0;1;3;1;0;0;0
"11/04/2024";"21:53:00";"200";"Sem vítima";"719,200";"BR-153/TO";"Crescente";"Capotamento";1;0;0;0;0;0;0;0;0;0;1;0;0;0;0
"12/04/2024";"14:16:00";"138";"Sem vítima";"377,000";"BR-153/GO";"Decrescente";"Saída de pista";0;0;1;0;0;0;0;0;0;0;1;0;0;0;0
"12/04/2024";"17:19:00";"177";"Com vítima";"305,000";"BR-414/GO";"Decrescente";"Queda de moto";0;0;0;1;0;0;0;0;0;0;0;0;1;0;0
"12/04/2024";"20:17:00";"203";"Com vítima";"363,500";"BR-414/GO";"Decrescente";"Atropelamento de animal";1;0;0;0;0;0;0;0;0;0;3;0;0;0;0
"13/04/2024";"12:33:00";"109";"Com vítima";"687,000";"BR-153/TO";"Crescente";"Tombamento";1;0;0;0;0;0;0;0;0;0;0;1;0;0;0
"13/04/2024";"16:12:00";"152";"Sem vítima";"313,000";"BR-153/GO";"Crescente";"Colisão transversal";1;0;1;0;0;0;0;0;0;0;6;0;0;0;0
"13/04/2024";"22:15:00";"200";"Sem vítima";"105,000";"BR-153/GO";"Crescente";"Tombamento";0;0;1;0;0;0;0;0;0;0;2;0;0;0;0
"13/04/2024";"23:44:00";"212";"Sem vítima";"414,500";"BR-153/GO";"Crescente";"Colisão lateral no mesmo sentido";2;0;0;0;0;0;0;0;0;0;2;0;0;0;0
"14/04/2024";"06:32:00";"22";"Sem vítima";"719,000";"BR-153/TO";"Decrescente";"Saída de pista";1;0;0;0;0;0;0;0;0;0;1;0;0;0;0
"14/04/2024";"08:39:00";"46";"Com vítima";"284,000";"BR-153/GO";"Crescente";"Colisão lateral no mesmo sentido";2;0;0;1;0;0;0;0;0;0;8;0;2;0;0
"14/04/2024";"19:47:00";"167";"Sem vítima";"410,520";"BR-414/GO";"Decrescente";"Colisão traseira";1;0;0;0;0;0;0;0;0;1;4;0;0;0;0
"15/04/2024";"05:04:00";"18";"Com vítima";"389,000";"BR-414/GO";"Crescente";"Atropelamento de animal";1;0;0;0;0;0;0;0;0;0;1;2;1;0;0
"15/04/2024";"07:20:00";"39";"Sem vítima";"357,000";"BR-153/GO";"Decrescente";"Colisão traseira";1;0;0;0;0;0;0;0;0;1;2;0;0;0;0
"15/04/2024";"11:43:00";"104";"Com vítima";"722,800";"BR-153/TO";"Decrescente";"Colisão traseira";1;0;0;0;0;0;0;0;0;1;1;1;0;0;0
"15/04/2024";"13:07:00";"108";"Sem vítima";"396,000";"BR-153/GO";"Decrescente";"Desatrelamento";0;0;0;0;0;1;0;0;0;0;1;0;0;0;0
"15/04/2024";"18:50:00";"158";"Sem vítima";"656,000";"BR-153/TO";"Crescente";"Atropelamento de animal";1;0;0;0;0;0;0;0;0;0;2;0;0;0;0
"15/04/2024";"18:58:00";"159";"Sem vítima";"32,170";"BR-153/GO";"Crescente";"Colisão frontal";0;1;0;0;0;0;0;0;0;0;0;0;0;0;0
"16/04/2024";"05:44:00";"31";"Sem vítima";"196,200";"BR-153/GO";"Decrescente";"Tombamento";0;0;0;0;0;1;0;0;0;0;1;0;0;0;0
"16/04/2024";"06:40:00";"39";"Sem vítima";"396,000";"BR-153/GO";"Decrescente";"Colisão traseira";2;0;0;0;0;0;0;0;0;0;2;0;0;0;0
"16/04/2024";"07:33:00";"45";"Com vítima";"434,200";"BR-153/GO";"Crescente";"Queda de moto";0;0;0;1;0;0;0;0;0;0;0;0;2;0;0
"16/04/2024";"09:16:00";"63";"Com vítima";"255,000";"BR-153/GO";"Decrescente";"Tombamento";0;0;1;0;0;0;0;0;0;0;0;2;0;0;0
"16/04/2024";"14:14:00";"116";"Sem vítima";"278,000";"BR-153/GO";"Decrescente";"Saída de pista";0;0;0;0;0;1;0;0;0;0;1;0;0;0;0
"16/04/2024";"21:32:00";"192";"Com vítima";"426,000";"BR-414/GO";"Crescente";"Atropelamento de animal";1;0;0;0;0;0;0;0;0;0;1;0;0;0;0
"17/04/2024";"07:52:00";"47";"Sem vítima";"440,000";"BR-414/GO";"Crescente";"Colisão lateral no mesmo sentido";1;0;0;0;0;1;0;0;0;0;2;0;0;0;0
"17/04/2024";"11:39:00";"103";"Com vítima";"146,000";"BR-153/GO";"Decrescente";"Queda de moto";0;0;0;1;0;0;0;0;0;0;0;0;1;0;0
"17/04/2024";"13:01:00";"115";"Sem vítima";"158,000";"BR-153/GO";"Decrescente";"Saída de pista";0;0;0;0;0;1;0;0;0;0;1;0;0;0;0
"17/04/2024";"14:56:00";"138";"Com vítima";"131,000";"BR-153/GO";"Crescente";"Colisão lateral em sentido contrário";1;0;1;0;0;2;0;0;0;0;4;0;1;0;0
"17/04/2024";"17:10:00";"159";"Sem vítima";"774,000";"BR-153/TO";"Decrescente";"Saída de pista";1;0;0;0;0;0;0;0;0;0;1;0;0;0;0
"17/04/2024";"23:56:00";"217";"Sem vítima";"278,000";"BR-153/GO";"Crescente";"Tombamento";0;0;0;0;0;1;0;0;0;0;1;0;0;0;0
"18/04/2024";"07:17:00";"33";"Sem vítima";"769,500";"BR-153/TO";"Decrescente";"Saída de pista";1;0;0;0;0;0;0;0;0;0;3;0;0;0;0
"18/04/2024";"11:31:00";"97";"Com vítima";"436,000";"BR-153/GO";"Decrescente";"Queda de moto";0;0;0;1;0;0;0;0;0;0;0;1;0;0;0
"18/04/2024";"17:14:00";"158";"Com vítima";"372,500";"BR-414/GO";"Crescente";"Atropelamento de ciclista";1;1;0;0;0;0;0;0;0;0;3;0;0;0;0
"19/04/2024";"11:00:00";"114";"Sem vítima";"367,000";"BR-414/GO";"Decrescente";"Queda de moto";0;0;0;1;0;0;0;0;0;0;1;0;0;0;0
"19/04/2024";"13:12:00";"138";"Com vítima";"410,000";"BR-414/GO";"Decrescente";"Queda de moto";0;0;0;1;0;0;0;0;0;0;0;1;0;0;0
"19/04/2024";"13:51:00";"145";"Sem vítima";"646,000";"BR-153/TO";"Decrescente";"Colisão traseira";1;0;0;0;0;1;0;0;0;0;3;0;0;0;0
"19/04/2024";"16:40:00";"183";"Sem vítima";"410,000";"BR-414/GO";"Decrescente";"Colisão traseira";1;0;0;0;0;0;0;0;0;1;6;0;0;0;0
"19/04/2024";"19:55:00";"224";"Com vítima";"701,000";"BR-153/TO";"Decrescente";"Atropelamento de animal";1;0;0;0;0;0;0;0;0;0;1;0;0;0;0
"19/04/2024";"21:10:00";"230";"Sem vítima";"24,000";"BR-153/GO";"Crescente";"Carreta deu L";0;0;0;0;0;1;0;0;0;0;1;0;0;0;0
"19/04/2024";"21:15:00";"232";"Com vítima";"403,600";"BR-414/GO";"Decrescente";"Colisão frontal";1;0;0;0;0;0;0;0;0;1;0;0;3;1;0
"19/04/2024";"21:43:00";"236";"Sem vítima";"80,000";"BR-153/GO";"Crescente";"Queda de moto";0;0;0;1;0;0;0;0;0;0;1;0;0;0;0
"19/04/2024";"22:55:00";"245";"Com vítima";"687,807";"BR-153/TO";"Decrescente";"Colisão traseira";1;0;0;1;0;1;0;0;0;0;2;1;0;0;0
"20/04/2024";"08:25:00";"65";"Sem vítima";"674,000";"BR-153/TO";"Crescente";"Saída de pista";1;0;0;0;0;0;0;0;0;0;1;0;0;0;0
"20/04/2024";"10:23:00";"91";"Sem vítima";"405,000";"BR-414/GO";"Crescente";"Colisão traseira";1;0;0;1;0;0;0;0;0;0;2;0;0;0;0
"20/04/2024";"16:48:00";"162";"Sem vítima";"301,950";"BR-414/GO";"Decrescente";"Desatrelamento";0;0;0;0;0;1;0;0;0;0;1;0;0;0;0
"20/04/2024";"17:58:00";"174";"Sem vítima";"125,000";"BR-080/GO";"Crescente";"Saída de pista";1;0;0;0;0;0;0;0;0;0;1;0;0;0;0
"20/04/2024";"19:33:00";"190";"Sem vítima";"397,000";"BR-414/GO";"Crescente";"Queda de moto";0;0;0;1;0;0;0;0;0;0;2;0;0;0;0
"20/04/2024";"21:29:00";"204";"Com vítima";"74,000";"BR-153/GO";"Crescente";"Saída de pista";1;0;0;0;0;0;0;0;0;0;0;0;1;0;0
"21/04/2024";"05:24:00";"19";"Com vítima";"406,400";"BR-153/GO";"Decrescente";"Saída de pista";1;0;0;0;0;0;0;0;0;0;0;1;0;0;0
"21/04/2024";"06:08:00";"25";"Sem vítima";"761,000";"BR-153/TO";"Decrescente";"Saída de pista";1;0;0;0;0;0;0;0;0;0;1;0;0;0;0
"21/04/2024";"16:36:00";"121";"Com vítima";"248,000";"BR-153/GO";"Decrescente";"Queda de moto";0;0;0;1;0;0;0;0;0;0;0;0;1;0;0
"22/04/2024";"03:59:00";"16";"Sem vítima";"64,977";"BR-153/GO";"Decrescente";"Atropelamento de animal";0;0;0;0;0;0;0;0;0;1;1;0;0;0;0
"22/04/2024";"08:29:00";"47";"Sem vítima";"674,000";"BR-153/TO";"Decrescente";"Colisão traseira";1;0;1;0;0;0;0;0;0;0;2;0;0;0;0
"22/04/2024";"17:05:00";"128";"Sem vítima";"165,000";"BR-153/GO";"Decrescente";"Saída de pista";0;0;0;0;0;0;0;0;0;1;2;0;0;0;0
"22/04/2024";"18:53:00";"139";"Com vítima";"436,800";"BR-153/GO";"Crescente";"Saída de pista";0;0;0;1;0;1;0;0;0;0;1;1;0;0;0
"22/04/2024";"19:11:00";"144";"Com vítima";"200,000";"BR-153/GO";"Decrescente";"Queda de moto";0;0;0;1;0;0;0;0;0;0;0;0;1;0;0
"22/04/2024";"21:33:00";"159";"Sem vítima";"359,100";"BR-153/GO";"Crescente";"Atropelamento de animal";0;0;0;0;0;0;0;0;0;1;1;0;0;0;0
"23/04/2024";"06:27:00";"32";"Sem vítima";"38,000";"BR-153/GO";"Crescente";"Saída de pista";1;0;0;0;0;0;0;0;0;0;1;0;0;0;0
"23/04/2024";"07:26:00";"39";"Com vítima";"393,000";"BR-153/GO";"Decrescente";"Saída de pista";1;0;0;0;0;0;0;0;0;0;1;0;2;0;0
"23/04/2024";"11:01:00";"80";"Sem vítima";"653,100";"BR-153/TO";"Crescente";"Colisão traseira";0;0;0;0;1;2;0;0;0;0;10;0;0;0;0
"23/04/2024";"16:56:00";"125";"Sem vítima";"374,200";"BR-414/GO";"Decrescente";"Colisão transversal";1;0;0;0;0;1;0;0;0;0;2;0;0;0;0
"23/04/2024";"17:26:00";"132";"Sem vítima";"73,000";"BR-153/GO";"Crescente";"Saída de pista";0;0;1;0;0;0;0;0;0;0;1;0;0;0;0
"23/04/2024";"23:56:00";"185";"Com vítima";"27,500";"BR-153/GO";"Decrescente";"Atropelamento de pedestre";0;0;0;0;0;1;0;0;0;0;2;0;0;0;1
"24/04/2024";"07:22:00";"33";"Sem vítima";"323,400";"BR-153/GO";"Crescente";"Saída de pista";0;0;0;0;0;0;0;0;0;1;2;0;0;0;0
"24/04/2024";"08:06:00";"49";"Com vítima";"202,000";"BR-153/GO";"Crescente";"Colisão lateral em sentido contrário";0;0;1;1;0;0;0;0;0;0;3;1;0;0;0
"24/04/2024";"09:30:00";"63";"Sem vítima";"677,500";"BR-153/TO";"Decrescente";"Saída de pista";1;0;0;0;0;0;0;0;0;0;1;0;0;0;0
"24/04/2024";"15:30:00";"124";"Com vítima";"128,200";"BR-153/GO";"Crescente";"Choque";0;0;0;0;0;0;0;0;0;1;0;1;0;0;0
"24/04/2024";"15:50:00";"131";"Sem vítima";"205,000";"BR-153/GO";"Decrescente";"Colisão lateral no mesmo sentido";1;0;0;0;0;1;0;0;0;0;2;0;0;0;0
"24/04/2024";"18:39:00";"162";"Sem vítima";"364,500";"BR-414/GO";"Crescente";"Saída de pista";0;0;1;0;0;0;0;0;0;0;1;0;0;0;0
"25/04/2024";"07:58:00";"42";"Sem vítima";"373,900";"BR-153/GO";"Crescente";"Colisão traseira";1;0;0;0;0;1;0;0;0;0;4;0;0;0;0
"25/04/2024";"10:08:00";"72";"Sem vítima";"679,000";"BR-153/TO";"Crescente";"Choque";1;0;0;0;0;0;0;0;0;0;1;0;0;0;0
"25/04/2024";"13:04:00";"102";"Sem vítima";"130,000";"BR-153/GO";"Decrescente";"Colisão traseira";1;0;0;0;0;1;0;0;0;0;2;0;0;0;0
"25/04/2024";"19:31:00";"161";"Com vítima";"434,500";"BR-153/GO";"Crescente";"Atropelamento de pedestre";1;0;0;0;0;0;0;0;0;0;1;0;0;0;1
"26/04/2024";"01:06:00";"10";"Com vítima";"418,000";"BR-153/GO";"Crescente";"Saída de pista";0;0;0;1;0;0;0;0;0;0;0;0;1;0;0
"26/04/2024";"06:52:00";"37";"Sem vítima";"175,000";"BR-153/GO";"Decrescente";"Colisão traseira";2;0;0;0;0;0;0;0;0;0;4;0;0;0;0
"26/04/2024";"07:19:00";"40";"Sem vítima";"405,500";"BR-153/GO";"Decrescente";"Saída de pista";1;0;0;0;0;0;0;0;0;0;1;0;0;0;0
"26/04/2024";"08:31:00";"56";"Com vítima";"308,000";"BR-414/GO";"Crescente";"Queda de moto";0;0;0;1;0;0;0;0;0;0;0;1;0;0;0
"26/04/2024";"09:19:00";"65";"Sem vítima";"203,000";"BR-153/GO";"Decrescente";"Engavetamento";0;0;0;0;0;3;0;0;0;0;3;0;0;0;0
"26/04/2024";"12:50:00";"105";"Sem vítima";"636,000";"BR-153/TO";"Decrescente";"Colisão lateral em sentido contrário";1;0;0;0;0;1;0;0;0;0;2;0;0;0;0