data;horario;n_da_ocorrencia;tipo_de_ocorrencia;km;trecho;sentido;tipo_de_acidente;automovel;bicicleta;caminhao;moto;onibus;outros;tracao_animal;transporte_de_cargas_especiais;trator_maquinas;utilitarios;ilesos;levemente_feridos;moderadamente_feridos;gravemente_feridos;mortos
"08/08/2024";"19:07:00";"195";"Com vítima";"367,000";"BR-153/GO";"Crescente";"Atropelamento de animal";1;0;0;0;0;0;0;0;0;0;4;0;0;0;0
"08/08/2024";"20:13:00";"205";"Com vítima";"387,000";"BR-153/GO";"Decrescente";"Saída de pista";1;0;0;0;0;0;0;0;0;0;0;1;0;0;0
"09/08/2024";"07:33:00";"44";"Sem vítima";"292,000";"BR-153/GO";"Crescente";"Colisão lateral no mesmo sentido";1;0;0;0;0;1;0;0;0;0;2;0;0;0;0
"09/08/2024";"07:38:00";"46";"Com vítima";"380,542";"BR-153/GO";"Crescente";"Tombamento";0;0;1;0;0;0;0;0;0;0;0;0;1;0;0
"09/08/2024";"08:00:00";"52";"Sem vítima";"209,000";"BR-153/GO";"Crescente";"Colisão traseira";2;0;0;0;0;0;0;0;0;0;3;0;0;0;0
"09/08/2024";"09:06:00";"64";"Sem vítima";"640,000";"BR-153/TO";"Decrescente";"Colisão traseira";1;0;0;0;0;1;0;0;0;1;6;0;0;0;0
"09/08/2024";"13:42:00";"115";"Sem vítima";"436,000";"BR-414/GO";"Decrescente";"Colisão transversal";1;0;0;0;0;0;0;0;0;1;2;0;0;0;0
"09/08/2024";"21:50:00";"221";"Sem vítima";"401,000";"BR-414/GO";"Decrescente";"Atropelamento de animal";1;0;0;0;0;0;0;0;0;0;1;0;0;0;0
"10/08/2024";"09:19:00";"86";"Sem vítima";"428,000";"BR-153/GO";"Decrescente";"Atropelamento de animal";1;0;0;0;0;0;0;0;0;0;2;0;0;0;0
"10/08/2024";"12:18:00";"117";"Com vítima";"656,000";"BR-153/TO";"Crescente";"Colisão traseira";1;0;1;0;0;0;0;0;0;0;2;5;0;0;0
"10/08/2024";"18:38:00";"186";"Sem vítima";"174,500";"BR-153/GO";"Decrescente";"Atropelamento de animal";1;0;0;0;0;0;0;0;0;0;2;0;0;0;0
"10/08/2024";"20:19:00";"202";"Sem vítima";"126,000";"BR-080/GO";"Crescente";"Saída de pista";0;0;0;0;0;0;0;0;0;1;1;0;0;0;0
"10/08/2024";"22:40:00";"219";"Com vítima";"318,900";"BR-153/GO";"Crescente";"Colisão lateral no mesmo sentido";0;0;0;0;0;2;0;0;0;0;1;1;0;0;0
"11/08/2024";"08:57:00";"52";"Com vítima";"693,000";"BR-153/TO";"Crescente";"Colisão lateral em sentido contrário";0;0;0;0;0;1;0;0;0;1;1;0;1;0;0
"11/08/2024";"17:47:00";"148";"Com vítima";"347,000";"BR-153/GO";"Decrescente";"Queda de moto";0;0;0;1;0;0;0;0;0;0;0;1;1;0;0
"11/08/2024";"19:35:00";"169";"Com vítima";"305,300";"BR-414/GO";"Crescente";"Colisão traseira";0;0;0;1;0;0;0;0;0;0;0;0;1;0;0
"12/08/2024";"07:03:00";"36";"Sem vítima";"341,000";"BR-153/GO";"Crescente";"Colisão lateral em sentido contrário";0;0;0;0;0;3;0;0;0;0;3;0;0;0;0
"12/08/2024";"13:29:00";"117";"Sem vítima";"670,000";"BR-153/TO";"Decrescente";"Colisão lateral no mesmo sentido";1;0;1;0;0;0;0;0;0;0;2;0;0;0;0
"12/08/2024";"15:25:00";"136";"Sem vítima";"438,000";"BR-414/GO";"Decrescente";"Colisão lateral em sentido contrário";1;0;0;0;0;1;0;0;0;1;5;0;0;0;0
"12/08/2024";"16:16:00";"148";"Sem vítima";"130,500";"BR-153/GO";"Decrescente";"Colisão traseira";0;0;0;0;0;1;0;0;0;1;3;0;0;0;0
"12/08/2024";"19:15:00";"195";"Com vítima";"231,900";"BR-153/GO";"Decrescente";"Queda de moto";0;0;0;1;0;0;0;0;0;0;0;0;1;0;0
"12/08/2024";"22:43:00";"230";"Com vítima";"300,000";"BR-153/GO";"Decrescente";"Queda de moto";0;0;0;1;0;0;0;0;0;0;0;1;1;0;0
"13/08/2024";"01:03:00";"6";"Sem vítima";"424,700";"BR-414/GO";"Crescente";"Saída de pista";1;0;0;0;0;0;0;0;0;0;1;0;0;0;0
"13/08/2024";"18:19:00";"196";"Sem vítima";"245,000";"BR-153/GO";"Crescente";"Saída de pista";1;0;0;0;0;0;0;0;0;0;1;0;0;0;0
"14/08/2024";"04:27:00";"27";"Com vítima";"438,100";"BR-414/GO";"Crescente";"Atropelamento de pedestre";0;0;0;1;0;0;0;0;0;0;0;0;0;2;0
"14/08/2024";"16:48:00";"185";"Com vítima";"437,000";"BR-153/GO";"Crescente";"Queda de moto";0;0;0;1;0;0;0;0;0;0;0;0;1;0;0
"14/08/2024";"20:09:00";"219";"Com vítima";"301,000";"BR-414/GO";"Decrescente";"Colisão frontal";1;0;0;0;0;0;0;0;0;1;0;3;1;0;0
"15/08/2024";"13:11:00";"122";"Sem vítima";"438,000";"BR-153/GO";"Decrescente";"Colisão traseira";0;0;1;0;0;0;0;0;0;1;2;0;0;0;0
"16/08/2024";"00:44:00";"4";"Com vítima";"220,000";"BR-153/GO";"Crescente";"Colisão lateral em sentido contrário";0;0;1;0;0;0;0;0;0;1;0;5;0;0;0
"16/08/2024";"01:28:00";"8";"Com vítima";"24,155";"BR-153/GO";"Crescente";"Saída de pista";0;0;0;0;0;0;0;0;0;1;0;0;1;0;0
"16/08/2024";"10:08:00";"75";"Sem vítima";"760,000";"BR-153/TO";"Decrescente";"Saída de pista";1;0;0;0;0;0;0;0;0;0;1;0;0;0;0
"16/08/2024";"10:10:00";"76";"Sem vítima";"104,800";"BR-153/GO";"Decrescente";"Saída de pista";1;0;0;0;0;0;0;0;0;0;4;0;0;0;0
"16/08/2024";"14:09:00";"118";"Sem vítima";"87,900";"BR-153/GO";"Crescente";"Choque";1;0;0;0;0;0;0;0;0;0;2;0;0;0;0
"16/08/2024";"16:40:00";"154";"Sem vítima";"234,000";"BR-153/GO";"Decrescente";"Engavetamento";2;0;1;0;0;0;0;0;0;1;8;0;0;0;0
"16/08/2024";"20:49:00";"190";"Com vítima";"320,000";"BR-414/GO";"Decrescente";"Atropelamento de animal";1;0;0;0;0;0;0;0;0;0;1;0;0;0;0
"16/08/2024";"21:16:00";"196";"Com vítima";"249,000";"BR-153/GO";"Crescente";"Atropelamento de animal";1;0;0;0;0;0;0;0;0;0;1;0;0;0;0
"17/08/2024";"18:57:00";"196";"Com vítima";"184,000";"BR-153/GO";"Decrescente";"Atropelamento de animal";1;0;0;0;0;0;0;0;0;0;3;1;0;0;0
"17/08/2024";"21:03:00";"220";"Com vítima";"126,800";"BR-153/GO";"Crescente";"Colisão transversal";0;0;1;0;0;1;0;0;0;1;2;0;0;0;1
"17/08/2024";"21:17:00";"222";"Sem vítima";"73,500";"BR-153/GO";"Crescente";"Colisão traseira";0;0;0;0;1;1;0;0;0;0;30;0;0;0;0
"18/08/2024";"04:53:00";"21";"Com vítima";"360,000";"BR-414/GO";"Crescente";"Atropelamento de animal";1;0;0;0;0;1;0;0;0;0;7;0;0;0;0
"18/08/2024";"06:22:00";"26";"Com vítima";"20,300";"BR-153/GO";"Crescente";"Saída de pista";1;0;0;0;0;0;0;0;0;0;1;2;0;0;0
"18/08/2024";"08:36:00";"61";"Com vítima";"439,000";"BR-414/GO";"Decrescente";"Colisão lateral no mesmo sentido";1;0;0;1;0;0;0;0;0;0;1;0;1;0;0
"18/08/2024";"13:44:00";"131";"Com vítima";"415,000";"BR-153/GO";"Decrescente";"Saída de pista";1;0;0;0;0;0;0;0;0;0;0;0;1;0;0
"18/08/2024";"19:48:00";"227";"Com vítima";"681,100";"BR-153/TO";"Decrescente";"Queda de moto";0;0;0;1;0;0;0;0;0;0;0;1;0;0;0
"18/08/2024";"20:49:00";"245";"Com vítima";"321,000";"BR-153/GO";"Decrescente";"Colisão traseira";0;0;1;1;0;0;0;0;0;0;1;1;0;0;0
"19/08/2024";"08:23:00";"65";"Sem vítima";"360,100";"BR-153/GO";"Decrescente";"Colisão lateral no mesmo sentido";1;0;0;0;0;1;0;0;0;0;2;0;0;0;0
"19/08/2024";"17:36:00";"178";"Sem vítima";"674,800";"BR-153/TO";"Crescente";"Colisão traseira";2;0;0;0;0;0;0;0;0;0;3;0;0;0;0
"20/08/2024";"01:19:00";"7";"Com vítima";"16,500";"BR-153/GO";"Crescente";"Colisão lateral em sentido contrário";0;0;0;0;1;1;0;0;0;0;8;2;1;0;1
"20/08/2024";"13:50:00";"135";"Com vítima";"131,811";"BR-080/GO";"Crescente";"Saída de pista";1;0;0;0;0;0;0;0;0;0;1;4;0;0;0
"21/08/2024";"04:30:00";"11";"Com vítima";"49,200";"BR-153/GO";"Crescente";"Atropelamento de animal";1;0;0;0;0;0;0;0;0;0;1;0;0;0;0
"21/08/2024";"07:46:00";"28";"Com vítima";"675,000";"BR-153/TO";"Crescente";"Colisão transversal";0;0;0;0;0;1;0;0;0;1;2;1;0;0;0
"21/08/2024";"08:00:00";"30";"Sem vítima";"149,000";"BR-080/GO";"Crescente";"Tombamento";0;0;0;0;0;1;0;0;0;0;1;0;0;0;0
"21/08/2024";"08:38:00";"40";"Sem vítima";"172,000";"BR-153/GO";"Decrescente";"Colisão traseira";0;0;0;0;0;3;0;0;0;0;3;0;0;0;0
"21/08/2024";"17:58:00";"155";"Com vítima";"347,000";"BR-153/GO";"Crescente";"Colisão lateral em sentido contrário";1;0;1;0;0;0;0;0;0;0;1;1;0;0;0
"22/08/2024";"02:07:00";"10";"Sem vítima";"37,500";"BR-153/GO";"Decrescente";"Saída de pista";0;0;1;0;0;0;0;0;0;0;1;0;0;0;0
"22/08/2024";"06:46:00";"37";"Com vítima";"373,700";"BR-414/GO";"Decrescente";"Colisão traseira";0;0;1;0;0;0;0;0;0;1;3;4;1;0;0
"22/08/2024";"16:56:00";"185";"Sem vítima";"90,000";"BR-153/GO";"Crescente";"Capotamento";0;0;0;0;0;0;0;0;0;1;2;0;0;0;0
"22/08/2024";"16:56:00";"186";"Sem vítima";"111,000";"BR-080/GO";"Decrescente";"Acidentes de outra natureza";1;0;0;0;0;1;0;0;0;0;6;0;0;0;0
"23/08/2024";"12:23:00";"105";"Sem vítima";"429,000";"BR-153/GO";"Crescente";"Colisão traseira";2;0;0;0;0;0;0;0;0;1;7;0;0;0;0
"23/08/2024";"18:39:00";"176";"Com vítima";"414,900";"BR-414/GO";"Crescente";"Queda de moto";0;0;0;1;0;0;0;0;0;0;0;2;0;0;0
"23/08/2024";"22:52:00";"228";"Sem vítima";"284,000";"BR-153/GO";"Crescente";"Colisão lateral no mesmo sentido";1;0;0;0;0;1;0;0;0;0;3;0;0;0;0
"24/08/2024";"00:33:00";"3";"Sem vítima";"300,300";"BR-153/GO";"Decrescente";"Queda de moto";0;0;0;1;0;0;0;0;0;0;1;0;0;0;0
"24/08/2024";"06:24:00";"38";"Sem vítima";"437,500";"BR-153/GO";"Crescente";"Queda de moto";0;0;0;1;0;0;0;0;0;0;1;0;0;0;0
"24/08/2024";"09:51:00";"79";"Sem vítima";"57,000";"BR-153/GO";"Decrescente";"Saída de pista";1;0;0;0;0;1;0;0;0;0;2;0;0;0;0
"24/08/2024";"10:32:00";"84";"Com vítima";"700,000";"BR-153/TO";"Decrescente";"Choque";1;0;0;0;0;1;0;0;0;0;1;1;0;0;0
"24/08/2024";"11:05:00";"93";"Sem vítima";"77,000";"BR-153/GO";"Decrescente";"Colisão frontal";1;0;1;0;0;0;0;0;0;1;3;0;0;0;0
"24/08/2024";"19:59:00";"211";"Sem vítima";"102,000";"BR-153/GO";"Crescente";"Saída de pista";1;0;0;0;0;1;0;0;0;0;2;0;0;0;0
"25/08/2024";"11:08:00";"95";"Com vítima";"387,500";"BR-414/GO";"Crescente";"Colisão frontal";0;0;0;3;0;0;0;0;0;0;0;1;1;0;1
"25/08/2024";"11:46:00";"106";"Sem vítima";"436,300";"BR-153/GO";"Decrescente";"Colisão traseira";1;0;0;1;0;0;0;0;0;0;2;0;0;0;0
"25/08/2024";"12:20:00";"113";"Sem vítima";"707,000";"BR-153/TO";"Crescente";"Colisão lateral no mesmo sentido";1;0;0;0;0;1;0;0;0;0;2;0;0;0;0
"25/08/2024";"17:20:00";"177";"Sem vítima";"99,100";"BR-080/GO";"Crescente";"Colisão transversal";1;0;0;0;0;0;0;0;0;1;6;0;0;0;0
"25/08/2024";"19:32:00";"205";"Com vítima";"311,000";"BR-414/GO";"Decrescente";"Saída de pista";1;0;0;0;0;0;0;0;0;0;0;0;1;0;0
"25/08/2024";"21:37:00";"229";"Com vítima";"425,000";"BR-153/GO";"Crescente";"Choque";1;0;0;0;0;0;0;0;0;0;0;1;0;1;0
"26/08/2024";"12:35:00";"140";"Com vítima";"439,000";"BR-153/GO";"Decrescente";"Queda de moto";0;0;0;1;0;0;0;0;0;0;0;1;0;0;0
"26/08/2024";"16:10:00";"185";"Sem vítima";"409,000";"BR-414/GO";"Decrescente";"Colisão lateral no mesmo sentido";0;0;1;0;0;0;0;0;0;1;3;0;0;0;0
"26/08/2024";"17:26:00";"202";"Sem vítima";"440,200";"BR-414/GO";"Decrescente";"Colisão traseira";1;0;0;0;0;1;0;0;0;0;5;0;0;0;0
"27/08/2024";"03:48:00";"16";"Com vítima";"749,300";"BR-153/TO";"Decrescente";"Atropelamento de animal";0;0;0;0;0;0;0;0;0;1;4;0;0;0;0
"27/08/2024";"05:48:00";"29";"Com vítima";"169,700";"BR-153/GO";"Crescente";"Atropelamento de animal";1;0;0;0;0;0;0;0;0;0;1;0;0;0;0
"27/08/2024";"06:59:00";"41";"Com vítima";"680,000";"BR-153/TO";"Crescente";"Queda de moto";0;0;0;1;0;0;0;0;0;0;0;1;0;0;0
"27/08/2024";"12:32:00";"122";"Sem vítima";"106,700";"BR-080/GO";"Decrescente";"Colisão lateral no mesmo sentido";2;0;0;0;0;0;0;0;0;0;2;0;0;0;0
"27/08/2024";"16:02:00";"160";"Sem vítima";"679,000";"BR-153/TO";"Crescente";"Colisão traseira";0;0;1;0;0;0;0;0;0;1;2;0;0;0;0
"27/08/2024";"17:58:00";"185";"Sem vítima";"729,000";"BR-153/TO";"Decrescente";"Acidentes de outra natureza";0;0;1;0;0;0;0;0;0;0;7;0;0;0;0
"27/08/2024";"19:15:00";"199";"Com vítima";"435,900";"BR-153/GO";"Crescente";"Queda de moto";1;0;0;1;0;0;0;0;0;1;2;1;0;0;0
"28/08/2024";"00:03:00";"2";"Sem vítima";"184,000";"BR-153/GO";"Crescente";"Atropelamento de animal";1;0;0;0;0;0;0;0;0;0;1;0;0;0;0
"28/08/2024";"07:34:00";"47";"Sem vítima";"440,000";"BR-153/GO";"Decrescente";"Colisão frontal";1;0;0;0;0;0;0;0;0;0;1;0;0;0;0
"28/08/2024";"09:15:00";"73";"Com vítima";"419,000";"BR-153/GO";"Crescente";"Choque";1;0;0;0;0;0;0;0;0;0;1;1;0;0;0
"28/08/2024";"14:51:00";"133";"Sem vítima";"624,000";"BR-153/TO";"Decrescente";"Colisão lateral em sentido contrário";1;0;0;0;0;1;0;0;0;0;3;0;0;0;0
"28/08/2024";"19:39:00";"198";"Sem vítima";"401,000";"BR-414/GO";"Decrescente";"Saída de pista";1;0;0;0;0;0;0;0;0;0;1;0;0;0;0
"29/08/2024";"09:11:00";"61";"Sem vítima";"432,000";"BR-414/GO";"Decrescente";"Saída de pista";1;0;0;0;0;0;0;0;0;0;1;0;0;0;0
"29/08/2024";"16:29:00";"152";"Sem vítima";"708,000";"BR-153/TO";"Decrescente";"Colisão traseira";1;0;0;0;0;1;0;0;0;0;4;0;0;0;0
"30/08/2024";"00:45:00";"1";"Com vítima";"245,000";"BR-153/GO";"Crescente";"Atropelamento de animal";0;0;0;0;0;0;0;0;0;1;1;0;0;1;0
"30/08/2024";"01:02:00";"2";"Com vítima";"337,000";"BR-153/GO";"Crescente";"Atropelamento de animal";1;0;0;0;0;0;0;0;0;0;1;0;0;0;0
"30/08/2024";"19:03:00";"190";"Sem vítima";"436,100";"BR-153/GO";"Decrescente";"Colisão lateral no mesmo sentido";2;0;0;0;0;0;0;0;0;0;2;0;0;0;0
"30/08/2024";"21:23:00";"217";"Com vítima";"675,000";"BR-153/TO";"Crescente";"Colisão lateral no mesmo sentido";1;0;0;1;0;0;0;0;0;0;2;0;0;2;0
"30/08/2024";"21:58:00";"222";"Sem vítima";"418,000";"BR-414/GO";"Crescente";"Saída de pista";0;0;0;0;0;1;0;0;0;0;1;0;0;0;0
"31/08/2024";"09:03:00";"70";"Sem vítima";"322,000";"BR-414/GO";"Decrescente";"Colisão traseira";1;0;1;0;0;0;0;0;0;0;6;0;0;0;0
"31/08/2024";"09:54:00";"88";"Sem vítima";"131,800";"BR-080/GO";"Decrescente";"Saída de pista";1;0;0;0;0;0;0;0;0;0;1;0;0;0;0
"31/08/2024";"10:04:00";"92";"Sem vítima";"114,000";"BR-080/GO";"Crescente";"Capotamento";2;0;0;0;0;0;0;0;0;0;5;0;0;0;0
"31/08/2024";"15:29:00";"168";"Sem vítima";"649,000";"BR-153/TO";"Crescente";"Saída de pista";1;0;0;0;0;1;0;0;0;0;3;0;0;0;0
"31/08/2024";"15:58:00";"174";"Com vítima";"290,000";"BR-153/GO";"Crescente";"Queda de moto";0;0;0;1;0;1;0;0;0;0;1;0;1;0;0
"31/08/2024";"17:03:00";"187";"Sem vítima";"442,000";"BR-153/GO";"Decrescente";"Queda de moto";0;0;0;1;0;0;0;0;0;0;1;0;0;0;0
"31/08/2024";"17:15:00";"189";"Sem vítima";"438,000";"BR-153/GO";"Crescente";"Saída de pista";1;0;0;0;0;1;0;0;0;0;2;0;0;0;0
"31/08/2024";"19:36:00";"226";"Com vítima";"409,900";"BR-414/GO";"Crescente";"Acidentes de outra natureza";0;0;0;0;0;0;0;0;0;1;1;1;0;0;0
"01/09/2024";"04:50:00";"21";"Sem vítima";"262,000";"BR-153/GO";"Decrescente";"Choque";0;0;0;0;0;1;0;0;0;0;3;0;0;0;0
"01/09/2024";"05:48:00";"31";"Com vítima";"784,136";"BR-153/TO";"Crescente";"Colisão traseira";1;0;0;1;0;0;0;0;0;0;1;1;0;0;0
"01/09/2024";"09:57:00";"65";"Sem vítima";"676,000";"BR-153/TO";"Decrescente";"Colisão lateral em sentido contrário";1;0;0;0;0;1;0;0;0;0;2;0;0;0;0
"01/09/2024";"18:37:00";"167";"Com vítima";"755,000";"BR-153/TO";"Crescente";"Saída de pista";0;0;0;0;0;0;0;0;0;1;0;1;0;0;0
"01/09/2024";"19:08:00";"174";"Sem vítima";"53,100";"BR-153/GO";"Crescente";"Choque";0;0;0;1;0;1;0;0;0;0;2;0;0;0;0
"01/09/2024";"20:28:00";"187";"Sem vítima";"701,000";"BR-153/TO";"Decrescente";"Atropelamento de animal";1;0;0;0;0;0;0;0;0;0;2;0;0;0;0
"02/09/2024";"06:48:00";"34";"Com vítima";"180,500";"BR-153/GO";"Crescente";"Atropelamento de animal";1;0;0;0;0;0;0;0;0;0;1;0;0;0;0
"02/09/2024";"11:37:00";"104";"Com vítima";"178,500";"BR-080/GO";"Decrescente";"Colisão lateral em sentido contrário";0;0;1;0;0;1;0;0;0;0;1;1;0;0;0
"02/09/2024";"19:45:00";"191";"Sem vítima";"373,200";"BR-153/GO";"Decrescente";"Choque";1;0;0;0;0;0;0;0;0;0;1;0;0;0;0
"02/09/2024";"19:52:00";"192";"Sem vítima";"432,000";"BR-153/GO";"Crescente";"Colisão lateral no mesmo sentido";2;0;0;0;0;0;0;0;0;0;2;0;0;0;0
"03/09/2024";"05:52:00";"19";"Sem vítima";"135,000";"BR-153/GO";"Decrescente";"Saída de pista";1;0;0;0;0;0;0;0;0;0;1;0;0;0;0
"04/09/2024";"02:02:00";"9";"Sem vítima";"373,000";"BR-414/GO";"Decrescente";"Saída de pista";0;0;0;0;0;1;0;0;0;0;1;0;0;0;0
"04/09/2024";"11:25:00";"99";"Sem vítima";"768,000";"BR-153/TO";"Decrescente";"Colisão traseira";0;0;0;0;0;2;0;0;0;0;2;0;0;0;0
"04/09/2024";"15:40:00";"136";"Com vítima";"261,000";"BR-153/GO";"Decrescente";"Atropelamento de animal";1;0;0;0;0;0;0;0;0;0;3;0;0;0;0
"05/09/2024";"18:22:00";"178";"Sem vítima";"416,000";"BR-414/GO";"Crescente";"Saída de pista";0;0;0;0;0;0;0;0;0;1;1;0;0;0;0
"06/09/2024";"09:31:00";"81";"Sem vítima";"393,000";"BR-414/GO";"Crescente";"Colisão transversal";1;0;0;0;0;0;0;0;0;1;3;0;0;0;0
"06/09/2024";"15:12:00";"157";"Sem vítima";"437,500";"BR-153/GO";"Crescente";"Colisão lateral no mesmo sentido";1;0;0;0;0;1;0;0;0;0;4;0;0;0;0
"06/09/2024";"16:25:00";"167";"Sem vítima";"698,000";"BR-153/TO";"Decrescente";"Colisão traseira";2;0;0;0;0;0;0;0;0;0;5;0;0;0;0
"06/09/2024";"16:40:00";"172";"Com vítima";"87,800";"BR-153/GO";"Crescente";"Saída de pista";1;0;0;0;0;0;0;0;0;0;0;0;0;1;0
"06/09/2024";"18:02:00";"187";"Com vítima";"87,000";"BR-153/GO";"Crescente";"Colisão traseira";0;0;0;1;0;1;0;0;0;0;1;0;1;0;0
"06/09/2024";"21:42:00";"224";"Com vítima";"423,000";"BR-153/GO";"Decrescente";"Choque";1;0;0;0;0;1;0;0;0;0;3;1;0;0;0
"06/09/2024";"21:52:00";"226";"Com vítima";"442,000";"BR-153/GO";"Crescente";"Colisão transversal";0;0;0;1;0;1;0;0;0;0;1;0;0;2;0
"07/09/2024";"05:49:00";"26";"Com vítima";"439,000";"BR-153/GO";"Crescente";"Queda de moto";0;0;0;1;0;0;0;0;0;0;0;1;0;0;0
"07/09/2024";"11:56:00";"114";"Com vítima";"77,100";"BR-153/GO";"Crescente";"Engavetamento";0;0;1;0;0;2;0;0;0;0;2;0;1;0;0
"08/09/2024";"03:01:00";"16";"Com vítima";"722,800";"BR-153/TO";"Crescente";"Queda de moto";0;0;0;1;0;0;0;0;0;0;0;1;0;0;0
"08/09/2024";"06:14:00";"32";"Com vítima";"201,000";"BR-153/GO";"Decrescente";"Colisão lateral no mesmo sentido";0;0;0;1;0;1;0;0;0;0;1;1;0;0;0
"08/09/2024";"08:17:00";"69";"Sem vítima";"75,000";"BR-153/GO";"Decrescente";"Colisão traseira";0;0;0;0;0;2;0;0;0;0;3;0;0;0;0
"08/09/2024";"08:59:00";"82";"Sem vítima";"220,000";"BR-153/GO";"Crescente";"Saída de pista";1;0;0;0;0;0;0;0;0;0;2;0;0;0;0
"08/09/2024";"09:42:00";"90";"Com vítima";"424,250";"BR-153/GO";"Crescente";"Capotamento";1;0;0;0;0;0;0;0;0;0;0;1;0;0;0
"08/09/2024";"14:47:00";"148";"Com vítima";"24,000";"BR-153/GO";"Decrescente";"Capotamento";0;0;0;0;0;1;0;0;0;1;1;1;1;1;0
"08/09/2024";"15:24:00";"157";"Com vítima";"351,000";"BR-153/GO";"Decrescente";"Saída de pista";0;0;0;0;0;0;0;0;0;1;1;0;1;0;0
"09/09/2024";"05:54:00";"31";"Com vítima";"139,000";"BR-080/GO";"Decrescente";"Tombamento";0;0;0;0;0;1;0;0;0;0;0;1;0;0;0
"09/09/2024";"06:00:00";"32";"Com vítima";"699,000";"BR-153/TO";"Crescente";"Queda de moto";0;0;0;1;0;0;0;0;0;0;0;0;1;0;0
"09/09/2024";"08:40:00";"49";"Sem vítima";"747,000";"BR-153/TO";"Crescente";"Saída de pista";0;0;0;0;1;0;0;0;0;0;23;0;0;0;0
"09/09/2024";"09:56:00";"61";"Sem vítima";"356,000";"BR-153/GO";"Crescente";"Colisão transversal";1;0;0;1;0;0;0;0;0;0;2;0;0;0;0
"09/09/2024";"17:06:00";"152";"Com vítima";"371,000";"BR-153/GO";"Decrescente";"Colisão traseira";1;0;1;0;0;0;0;0;0;0;2;2;0;0;0
"10/09/2024";"12:44:00";"109";"Com vítima";"689,000";"BR-153/TO";"Decrescente";"Saída de pista";1;0;0;0;0;0;0;0;0;0;0;1;0;0;0
"10/09/2024";"21:52:00";"182";"Com vítima";"385,000";"BR-414/GO";"Crescente";"Colisão lateral em sentido contrário";2;0;0;0;0;0;0;0;0;0;0;2;0;0;0
"11/09/2024";"02:08:00";"10";"Sem vítima";"134,000";"BR-153/GO";"Crescente";"Choque";1;0;0;0;0;0;0;0;0;0;2;0;0;0;0
"11/09/2024";"05:15:00";"22";"Sem vítima";"363,400";"BR-153/GO";"Crescente";"Colisão traseira";2;0;0;0;0;0;0;0;0;0;9;0;0;0;0
"12/09/2024";"01:36:00";"8";"Com vítima";"62,000";"BR-153/GO";"Crescente";"Atropelamento de animal";1;0;0;0;0;1;0;0;0;0;2;0;0;0;0
"12/09/2024";"14:17:00";"112";"Sem vítima";"676,000";"BR-153/TO";"Decrescente";"Atropelamento de pedestre";0;0;0;1;0;0;0;0;0;0;2;0;0;0;0
"12/09/2024";"18:54:00";"173";"Sem vítima";"781,000";"BR-153/TO";"Crescente";"Saída de pista";1;0;0;0;0;0;0;0;0;0;3;0;0;0;0
"12/09/2024";"19:00:00";"177";"Com vítima";"334,200";"BR-414/GO";"Decrescente";"Atropelamento de animal";1;0;0;0;0;0;0;0;0;0;1;0;0;0;0
"12/09/2024";"19:04:00";"180";"Com vítima";"388,500";"BR-153/GO";"Decrescente";"Atropelamento de animal";1;0;0;0;0;0;0;0;0;0;3;0;0;0;0
"12/09/2024";"20:10:00";"199";"Sem vítima";"437,000";"BR-153/GO";"Crescente";"Saída de pista";1;0;0;0;0;0;0;0;0;0;1;0;0;0;0
"12/09/2024";"20:44:00";"206";"Sem vítima";"282,000";"BR-153/GO";"Crescente";"Atropelamento de animal";1;0;0;0;0;0;0;0;0;0;2;0;0;0;0
"12/09/2024";"20:57:00";"208";"Sem vítima";"676,800";"BR-153/TO";"Crescente";"Saída de pista";1;0;0;0;0;0;0;0;0;0;1;0;0;0;0
"12/09/2024";"21:01:00";"209";"Sem vítima";"282,000";"BR-153/GO";"Decrescente";"Atropelamento de animal";0;0;0;0;0;0;0;0;0;1;1;0;0;0;0