data;horario;n_da_ocorrencia;tipo_de_ocorrencia;km;trecho;sentido;tipo_de_acidente;automovel;bicicleta;caminhao;moto;onibus;outros;tracao_animal;transporte_de_cargas_especiais;trator_maquinas;utilitarios;ilesos;levemente_feridos;moderadamente_feridos;gravemente_feridos;mortos
"17/10/2024";"11:18:00";"114";"Com vítima";"723,000";"BR-153/TO";"Decrescente";"Saída de pista";0;0;0;0;0;1;0;0;0;0;0;1;0;0;0
"17/10/2024";"16:49:00";"199";"Sem vítima";"677,000";"BR-153/TO";"Crescente";"Colisão lateral no mesmo sentido";1;0;0;0;0;1;0;0;0;0;3;0;0;0;0
"17/10/2024";"18:33:00";"219";"Sem vítima";"15,500";"BR-153/GO";"Crescente";"Saída de pista";0;0;0;0;1;0;0;0;0;0;21;0;0;0;0
"17/10/2024";"19:28:00";"238";"Com vítima";"324,750";"BR-153/GO";"Crescente";"Colisão frontal";0;0;0;1;0;1;0;0;0;0;1;0;0;0;1
"17/10/2024";"20:04:00";"242";"Sem vítima";"345,100";"BR-153/GO";"Decrescente";"Tombamento";0;0;1;0;0;0;0;0;0;0;1;0;0;0;0
"17/10/2024";"21:09:00";"247";"Com vítima";"325,050";"BR-153/GO";"Crescente";"Colisão lateral no mesmo sentido";0;0;2;0;0;1;0;0;0;0;1;2;0;0;0
"18/10/2024";"08:33:00";"29";"Com vítima";"428,300";"BR-414/GO";"Decrescente";"Colisão transversal";1;0;0;0;0;0;0;0;0;1;0;3;1;0;0
"18/10/2024";"08:43:00";"32";"Sem vítima";"393,600";"BR-414/GO";"Decrescente";"Colisão lateral no mesmo sentido";2;0;0;0;0;0;0;0;0;0;2;0;0;0;0
"18/10/2024";"09:57:00";"51";"Com vítima";"371,800";"BR-414/GO";"Crescente";"Saída de pista";1;0;0;0;0;0;0;0;0;0;0;1;0;0;0
"18/10/2024";"10:28:00";"63";"Sem vítima";"637,000";"BR-153/TO";"Decrescente";"Engavetamento";0;0;1;0;0;3;0;0;0;0;5;0;0;0;0
"18/10/2024";"11:06:00";"69";"Com vítima";"200,000";"BR-153/GO";"Decrescente";"Colisão transversal";1;0;1;0;0;0;0;0;0;0;1;0;1;0;0
"18/10/2024";"12:14:00";"76";"Sem vítima";"285,000";"BR-153/GO";"Decrescente";"Colisão traseira";1;0;0;0;0;0;0;0;0;1;4;0;0;0;0
"18/10/2024";"13:28:00";"87";"Sem vítima";"439,000";"BR-153/GO";"Crescente";"Colisão traseira";2;0;0;0;0;0;0;0;0;0;2;0;0;0;0
"18/10/2024";"18:03:00";"148";"Sem vítima";"683,500";"BR-153/TO";"Crescente";"Colisão lateral no mesmo sentido";1;0;1;0;0;0;0;0;0;0;3;0;0;0;0
"19/10/2024";"00:11:00";"1";"Sem vítima";"234,000";"BR-153/GO";"Crescente";"Choque";0;0;0;0;0;1;0;0;0;0;2;0;0;0;0
"19/10/2024";"11:58:00";"111";"Sem vítima";"393,200";"BR-153/GO";"Decrescente";"Tombamento";0;0;1;0;0;0;0;0;0;0;2;0;0;0;0
"19/10/2024";"12:20:00";"118";"Sem vítima";"130,900";"BR-080/GO";"Crescente";"Tombamento";0;0;0;0;0;1;0;0;0;0;1;0;0;0;0
"19/10/2024";"13:05:00";"126";"Sem vítima";"628,920";"BR-153/TO";"Crescente";"Colisão traseira";0;0;0;0;0;2;0;0;0;0;2;0;0;0;0
"19/10/2024";"13:34:00";"130";"Sem vítima";"628,400";"BR-153/TO";"Crescente";"Colisão traseira";2;0;0;0;0;0;0;0;0;0;4;0;0;0;0
"19/10/2024";"15:20:00";"150";"Com vítima";"760,000";"BR-153/TO";"Crescente";"Tombamento";0;0;0;0;0;1;0;0;0;0;0;0;2;0;0
"19/10/2024";"20:08:00";"204";"Sem vítima";"411,552";"BR-153/GO";"Decrescente";"Colisão lateral no mesmo sentido";1;0;0;0;0;1;0;0;0;0;2;0;0;0;0
"19/10/2024";"20:37:00";"213";"Sem vítima";"199,900";"BR-153/GO";"Crescente";"Colisão lateral no mesmo sentido";0;0;2;0;0;0;0;0;0;0;2;0;0;0;0
"20/10/2024";"10:31:00";"100";"Com vítima";"426,650";"BR-153/GO";"Crescente";"Capotamento";1;0;0;0;0;0;0;0;0;0;0;2;0;0;0
"20/10/2024";"10:47:00";"103";"Com vítima";"426,800";"BR-153/GO";"Crescente";"Capotamento";0;0;0;0;0;0;0;0;0;1;0;1;0;0;0
"20/10/2024";"16:07:00";"154";"Sem vítima";"435,000";"BR-153/GO";"Decrescente";"Colisão traseira";1;0;0;0;0;0;0;0;0;1;2;0;0;0;0
"20/10/2024";"20:08:00";"192";"Com vítima";"0,700";"BR-153/GO";"Decrescente";"Queda de moto";0;0;0;1;0;0;0;0;0;0;0;1;1;0;0
"20/10/2024";"20:30:00";"194";"Com vítima";"789,300";"BR-153/TO";"Decrescente";"Atropelamento de animal";0;0;0;0;0;1;0;0;0;0;1;0;0;0;0
"20/10/2024";"23:20:00";"216";"Com vítima";"428,800";"BR-153/GO";"Decrescente";"Capotamento";1;0;0;0;0;0;0;0;0;0;0;1;0;0;0
"21/10/2024";"10:19:00";"89";"Com vítima";"439,000";"BR-153/GO";"Crescente";"Queda de moto";0;0;0;1;0;0;0;0;0;0;0;0;1;0;0
"21/10/2024";"11:36:00";"111";"Sem vítima";"359,000";"BR-153/GO";"Decrescente";"Saída de pista";0;0;1;0;0;0;0;0;0;0;1;0;0;0;0
"21/10/2024";"11:54:00";"115";"Sem vítima";"361,000";"BR-153/GO";"Decrescente";"Colisão traseira";1;0;1;0;0;0;0;0;0;0;2;0;0;0;0
"21/10/2024";"11:54:00";"116";"Sem vítima";"761,000";"BR-153/TO";"Decrescente";"Colisão traseira";0;0;0;0;0;2;0;0;0;0;2;0;0;0;0
"21/10/2024";"13:04:00";"129";"Sem vítima";"622,700";"BR-153/TO";"Crescente";"Carreta deu L";0;0;0;0;0;1;0;0;0;0;1;0;0;0;0
"21/10/2024";"13:37:00";"132";"Sem vítima";"32,400";"BR-153/GO";"Decrescente";"Saída de pista";1;0;0;0;0;0;0;0;0;0;2;0;0;0;0
"21/10/2024";"19:29:00";"203";"Sem vítima";"308,300";"BR-414/GO";"Crescente";"Queda de moto";0;0;0;1;0;0;0;0;0;0;1;0;0;0;0
"21/10/2024";"23:19:00";"236";"Sem vítima";"432,700";"BR-153/GO";"Crescente";"Saída de pista";1;0;0;0;0;0;0;0;0;0;1;0;0;0;0
"22/10/2024";"16:45:00";"150";"Sem vítima";"389,000";"BR-414/GO";"Crescente";"Carreta deu L";0;0;0;0;0;1;0;0;0;0;1;0;0;0;0
"22/10/2024";"19:38:00";"180";"Sem vítima";"105,324";"BR-153/GO";"Decrescente";"Choque";1;0;0;0;0;0;0;0;0;0;1;0;0;0;0
"22/10/2024";"19:38:00";"181";"Sem vítima";"131,700";"BR-080/GO";"Crescente";"Saída de pista";1;0;0;0;0;0;0;0;0;0;3;0;0;0;0
"23/10/2024";"08:09:00";"71";"Sem vítima";"437,300";"BR-153/GO";"Crescente";"Colisão traseira";1;0;0;0;1;1;0;0;0;0;4;0;0;0;0
"23/10/2024";"13:24:00";"148";"Sem vítima";"228,000";"BR-153/GO";"Decrescente";"Colisão traseira";1;0;0;0;0;1;0;0;0;0;2;0;0;0;0
"23/10/2024";"14:57:00";"168";"Sem vítima";"144,000";"BR-080/GO";"Decrescente";"Choque";1;0;0;0;0;0;0;0;0;0;1;0;0;0;0
"23/10/2024";"16:29:00";"184";"Com vítima";"117,000";"BR-080/GO";"Decrescente";"Colisão frontal";0;0;0;0;0;2;0;0;0;0;1;1;0;0;0
"23/10/2024";"22:43:00";"237";"Sem vítima";"667,000";"BR-153/TO";"Decrescente";"Atropelamento de animal";1;0;0;0;0;0;0;0;0;0;1;0;0;0;0
"24/10/2024";"09:19:00";"79";"Com vítima";"321,000";"BR-153/GO";"Decrescente";"Colisão transversal";0;0;0;0;0;0;0;0;0;2;6;0;0;1;0
"24/10/2024";"09:50:00";"88";"Sem vítima";"642,700";"BR-153/TO";"Crescente";"Colisão traseira";1;0;0;0;0;0;0;0;0;2;6;0;0;0;0
"24/10/2024";"13:39:00";"129";"Sem vítima";"284,000";"BR-153/GO";"Crescente";"Colisão traseira";1;0;0;0;0;1;0;0;0;0;3;0;0;0;0
"24/10/2024";"19:18:00";"205";"Com vítima";"249,500";"BR-153/GO";"Decrescente";"Queda de moto";0;0;0;1;0;0;0;0;0;0;0;2;0;0;0
"24/10/2024";"19:51:00";"211";"Sem vítima";"165,000";"BR-080/GO";"Crescente";"Colisão lateral no mesmo sentido";0;0;0;0;0;1;0;0;0;1;2;0;0;0;0
"24/10/2024";"22:40:00";"230";"Sem vítima";"235,000";"BR-153/GO";"Decrescente";"Atropelamento de animal";0;0;0;0;0;1;0;0;0;0;1;0;0;0;0
"25/10/2024";"00:46:00";"7";"Com vítima";"110,900";"BR-153/GO";"Decrescente";"Colisão transversal";0;0;1;0;1;0;0;0;0;0;1;0;1;0;0
"25/10/2024";"11:56:00";"151";"Sem vítima";"338,000";"BR-153/GO";"Decrescente";"Colisão lateral em sentido contrário";0;0;1;0;0;1;0;0;0;0;2;0;0;0;0
"25/10/2024";"13:25:00";"160";"Sem vítima";"238,400";"BR-153/GO";"Crescente";"Colisão lateral no mesmo sentido";0;0;0;0;0;1;0;0;0;1;3;0;0;0;0
"25/10/2024";"18:30:00";"246";"Sem vítima";"398,000";"BR-414/GO";"Crescente";"Colisão transversal";1;0;0;0;0;1;0;0;0;0;2;0;0;0;0
"25/10/2024";"18:42:00";"248";"Sem vítima";"777,000";"BR-153/TO";"Decrescente";"Tombamento";0;0;1;0;0;0;0;0;0;0;1;0;0;0;0
"26/10/2024";"06:36:00";"50";"Com vítima";"197,000";"BR-153/GO";"Crescente";"Colisão frontal";1;0;0;0;0;0;0;0;0;1;1;1;2;1;0
"26/10/2024";"18:12:00";"204";"Com vítima";"131,000";"BR-153/GO";"Decrescente";"Queda de moto";0;0;0;1;0;1;0;0;0;0;1;1;0;0;0
"26/10/2024";"19:35:00";"222";"Com vítima";"439,500";"BR-414/GO";"Decrescente";"Colisão transversal";2;0;0;0;0;0;0;0;0;0;4;0;2;0;0
"27/10/2024";"14:01:00";"128";"Sem vítima";"84,000";"BR-153/GO";"Decrescente";"Tombamento";1;0;0;0;0;0;0;0;0;0;2;0;0;0;0
"28/10/2024";"00:00:00";"1";"Com vítima";"207,900";"BR-153/GO";"Decrescente";"Tombamento";0;0;0;0;0;1;0;0;0;0;0;0;1;0;0
"28/10/2024";"14:57:00";"164";"Com vítima";"442,200";"BR-153/GO";"Decrescente";"Queda de moto";0;0;0;1;0;0;0;0;0;0;0;0;2;0;0
"28/10/2024";"15:39:00";"175";"Com vítima";"118,000";"BR-153/GO";"Decrescente";"Colisão traseira";1;0;1;0;0;0;0;0;0;0;1;1;0;0;0
"28/10/2024";"17:08:00";"191";"Sem vítima";"339,000";"BR-153/GO";"Decrescente";"Tombamento";0;0;0;0;0;1;0;0;0;0;1;0;0;0;0
"28/10/2024";"18:25:00";"206";"Com vítima";"176,000";"BR-153/GO";"Decrescente";"Queda de moto";0;0;0;1;0;0;0;0;0;0;1;1;0;0;0
"28/10/2024";"18:30:00";"208";"Sem vítima";"319,000";"BR-153/GO";"Crescente";"Engavetamento";0;0;3;0;0;0;0;0;0;0;12;0;0;0;0
"28/10/2024";"21:32:00";"236";"Com vítima";"197,800";"BR-153/GO";"Decrescente";"Atropelamento de pedestre";1;0;0;0;0;0;0;0;0;0;1;0;0;1;0
"29/10/2024";"07:26:00";"59";"Sem vítima";"403,000";"BR-153/GO";"Decrescente";"Colisão lateral em sentido contrário";0;0;1;0;0;1;0;0;0;0;3;0;0;0;0
"29/10/2024";"08:48:00";"79";"Sem vítima";"439,000";"BR-153/GO";"Crescente";"Colisão lateral no mesmo sentido";1;0;1;0;0;0;0;0;0;0;2;0;0;0;0
"29/10/2024";"13:44:00";"136";"Com vítima";"181,000";"BR-080/GO";"Decrescente";"Colisão transversal";1;0;0;0;0;0;0;0;0;1;0;3;0;0;0
"29/10/2024";"14:17:00";"147";"Com vítima";"442,000";"BR-153/GO";"Decrescente";"Colisão traseira";1;0;1;0;0;0;0;0;0;0;1;0;1;0;0
"30/10/2024";"07:59:00";"61";"Sem vítima";"672,000";"BR-153/TO";"Decrescente";"Saída de pista";0;0;0;0;0;1;0;0;0;0;1;0;0;0;0
"30/10/2024";"08:53:00";"74";"Com vítima";"679,000";"BR-153/TO";"Crescente";"Saída de pista";0;0;1;0;0;0;0;0;0;0;0;2;0;0;0
"30/10/2024";"08:59:00";"76";"Com vítima";"739,500";"BR-153/TO";"Decrescente";"Colisão lateral em sentido contrário";1;0;0;0;0;1;0;0;0;0;2;1;0;0;0
"30/10/2024";"09:22:00";"80";"Com vítima";"67,000";"BR-153/GO";"Decrescente";"Colisão traseira";1;0;0;0;0;1;0;0;0;0;1;1;0;0;0
"30/10/2024";"19:00:00";"178";"Sem vítima";"718,500";"BR-153/TO";"Crescente";"Queda de moto";0;0;0;1;0;1;0;0;0;0;2;0;0;0;0
"31/10/2024";"05:56:00";"33";"Sem vítima";"670,000";"BR-153/TO";"Crescente";"Colisão traseira";0;0;0;0;0;2;0;0;0;0;2;0;0;0;0
"31/10/2024";"06:50:00";"39";"Sem vítima";"362,370";"BR-153/GO";"Crescente";"Colisão traseira";1;0;0;0;0;1;0;0;0;0;3;0;0;0;0
"31/10/2024";"06:50:00";"40";"Sem vítima";"379,000";"BR-414/GO";"Crescente";"Saída de pista";1;0;0;0;0;0;0;0;0;0;1;0;0;0;0
"31/10/2024";"14:34:00";"120";"Sem vítima";"310,600";"BR-153/GO";"Crescente";"Saída de pista";0;0;1;0;0;0;0;0;0;0;1;0;0;0;0
"31/10/2024";"14:37:00";"122";"Com vítima";"374,900";"BR-414/GO";"Decrescente";"Colisão lateral no mesmo sentido";1;0;0;0;0;1;0;0;0;0;0;3;0;0;0
"31/10/2024";"17:39:00";"159";"Sem vítima";"436,900";"BR-153/GO";"Decrescente";"Engavetamento";4;0;0;0;0;1;0;0;0;1;6;0;0;0;0
"31/10/2024";"18:01:00";"160";"Sem vítima";"700,300";"BR-153/TO";"Crescente";"Saída de pista";1;0;0;0;0;0;0;0;0;0;2;0;0;0;0
"31/10/2024";"18:45:00";"166";"Com vítima";"300,000";"BR-153/GO";"Crescente";"Colisão frontal";1;0;0;1;0;0;0;0;0;0;3;0;0;1;0
"01/11/2024";"00:21:00";"3";"Sem vítima";"279,500";"BR-153/GO";"Crescente";"Saída de pista";1;0;0;0;0;0;0;0;0;0;2;0;0;0;0
"01/11/2024";"09:40:00";"81";"Com vítima";"631,000";"BR-153/TO";"Decrescente";"Colisão traseira";1;0;0;0;0;0;0;0;0;1;3;1;2;0;0
"01/11/2024";"10:38:00";"96";"Sem vítima";"405,300";"BR-153/GO";"Decrescente";"Capotamento";1;0;0;0;0;0;0;0;0;0;2;0;0;0;0
"01/11/2024";"16:05:00";"156";"Com vítima";"401,870";"BR-414/GO";"Decrescente";"Engavetamento";3;0;0;0;0;0;0;0;0;0;4;2;0;0;0
"01/11/2024";"19:52:00";"198";"Com vítima";"395,700";"BR-414/GO";"Crescente";"Atropelamento de animal";0;0;0;0;0;0;0;0;0;1;1;0;0;0;0
"02/11/2024";"03:35:00";"20";"Com vítima";"704,000";"BR-153/TO";"Crescente";"Queda de moto";0;0;0;1;0;1;0;0;0;0;1;0;1;0;0
"02/11/2024";"10:26:00";"94";"Sem vítima";"284,200";"BR-153/GO";"Crescente";"Saída de pista";0;0;1;0;0;0;0;0;0;0;1;0;0;0;0
"02/11/2024";"13:58:00";"147";"Com vítima";"423,000";"BR-153/GO";"Decrescente";"Saída de pista";1;0;0;0;0;0;0;0;0;0;3;0;1;0;0
"02/11/2024";"14:31:00";"159";"Sem vítima";"399,000";"BR-153/GO";"Decrescente";"Saída de pista";0;0;0;0;0;0;0;0;0;1;1;0;0;0;0
"02/11/2024";"15:33:00";"173";"Com vítima";"370,000";"BR-414/GO";"Decrescente";"Saída de pista";1;0;0;0;0;0;0;0;0;0;4;1;0;0;0
"02/11/2024";"16:20:00";"181";"Com vítima";"317,600";"BR-414/GO";"Decrescente";"Colisão lateral em sentido contrário";0;0;0;0;0;1;0;0;0;1;1;2;1;0;0
"02/11/2024";"18:40:00";"208";"Sem vítima";"706,000";"BR-153/TO";"Decrescente";"Capotamento";1;0;0;0;0;0;0;0;0;0;2;0;0;0;0
"02/11/2024";"19:13:00";"213";"Sem vítima";"434,000";"BR-153/GO";"Decrescente";"Saída de pista";1;0;0;0;0;1;0;0;0;0;6;0;0;0;0
"03/11/2024";"05:06:00";"33";"Com vítima";"227,000";"BR-153/GO";"Decrescente";"Atropelamento de animal";0;0;1;0;0;0;0;0;0;0;1;0;0;0;0
"03/11/2024";"15:44:00";"144";"Sem vítima";"371,800";"BR-153/GO";"Crescente";"Colisão traseira";1;0;0;0;0;1;0;0;0;0;5;0;0;0;0
"03/11/2024";"15:47:00";"145";"Sem vítima";"404,300";"BR-414/GO";"Decrescente";"Saída de pista";1;0;0;0;0;0;0;0;0;0;1;0;0;0;0
"03/11/2024";"19:34:00";"193";"Sem vítima";"356,000";"BR-153/GO";"Decrescente";"Colisão lateral no mesmo sentido";0;0;1;0;0;1;0;0;0;0;2;0;0;0;0
"03/11/2024";"21:05:00";"203";"Sem vítima";"63,647";"BR-153/GO";"Decrescente";"Saída de pista";0;0;1;0;0;0;0;0;0;0;1;0;0;0;0
"04/11/2024";"00:51:00";"6";"Com vítima";"83,350";"BR-153/GO";"Crescente";"Colisão frontal";1;0;1;0;0;0;0;0;0;0;1;0;0;0;2
"04/11/2024";"07:21:00";"47";"Sem vítima";"131,000";"BR-153/GO";"Crescente";"Colisão lateral em sentido contrário";2;0;0;0;0;0;0;0;0;0;3;0;0;0;0
"04/11/2024";"07:38:00";"54";"Sem vítima";"303,000";"BR-153/GO";"Decrescente";"Saída de pista";0;0;1;0;0;1;0;0;0;0;4;0;0;0;0
"04/11/2024";"19:03:00";"197";"Sem vítima";"760,100";"BR-153/TO";"Decrescente";"Colisão lateral no mesmo sentido";0;0;0;0;0;1;0;0;0;1;4;0;0;0;0
"04/11/2024";"22:13:00";"222";"Com vítima";"719,260";"BR-153/TO";"Crescente";"Atropelamento de animal";0;0;1;0;0;0;0;0;0;0;1;0;0;0;0
"05/11/2024";"01:11:00";"8";"Com vítima";"376,000";"BR-153/GO";"Decrescente";"Tombamento";0;0;0;0;1;0;0;0;0;0;0;1;0;0;0
"05/11/2024";"01:36:00";"10";"Sem vítima";"374,920";"BR-153/GO";"Decrescente";"Choque";0;0;0;0;0;1;0;0;0;0;1;0;0;0;0
"05/11/2024";"05:50:00";"21";"Sem vítima";"439,100";"BR-153/GO";"Crescente";"Colisão traseira";0;0;0;2;0;0;0;0;0;0;2;0;0;0;0
"05/11/2024";"08:08:00";"50";"Sem vítima";"242,678";"BR-153/GO";"Decrescente";"Saída de pista";1;0;0;0;0;0;0;0;0;0;1;0;0;0;0
"05/11/2024";"10:08:00";"75";"Sem vítima";"714,000";"BR-153/TO";"Decrescente";"Colisão traseira";0;0;0;0;0;2;0;0;0;0;2;0;0;0;0
"05/11/2024";"13:05:00";"106";"Sem vítima";"303,000";"BR-153/GO";"Decrescente";"Colisão transversal";2;0;0;0;0;0;0;0;0;0;5;0;0;0;0
"05/11/2024";"20:16:00";"183";"Sem vítima";"301,000";"BR-414/GO";"Decrescente";"Colisão traseira";1;0;0;0;0;1;0;0;0;0;3;0;0;0;0
"05/11/2024";"21:28:00";"190";"Com vítima";"300,800";"BR-153/GO";"Decrescente";"Colisão transversal";1;0;0;1;0;0;0;0;0;0;1;0;0;2;0
"06/11/2024";"01:57:00";"11";"Sem vítima";"435,600";"BR-414/GO";"Crescente";"Saída de pista";1;0;0;0;0;0;0;0;0;0;1;0;0;0;0
"06/11/2024";"09:51:00";"68";"Sem vítima";"132,000";"BR-080/GO";"Crescente";"Atropelamento de animal";1;0;0;0;0;0;0;0;0;0;2;0;0;0;0
"06/11/2024";"09:57:00";"69";"Com vítima";"184,000";"BR-153/GO";"Crescente";"Colisão lateral no mesmo sentido";1;0;0;0;0;1;0;0;0;0;0;4;0;0;0
"06/11/2024";"13:11:00";"97";"Sem vítima";"408,700";"BR-414/GO";"Crescente";"Colisão traseira";1;0;0;0;0;0;0;0;0;0;1;0;0;0;0
"06/11/2024";"20:54:00";"164";"Sem vítima";"180,250";"BR-153/GO";"Crescente";"Saída de pista";0;0;0;0;0;0;0;0;0;1;1;0;0;0;0
"06/11/2024";"21:57:00";"172";"Com vítima";"352,120";"BR-153/GO";"Decrescente";"Saída de pista";1;0;0;0;0;0;0;0;0;0;0;0;1;0;0
"06/11/2024";"22:03:00";"174";"Sem vítima";"136,000";"BR-080/GO";"Decrescente";"Colisão lateral em sentido contrário";1;0;0;0;0;0;0;0;0;1;4;0;0;0;0
"07/11/2024";"09:25:00";"81";"Sem vítima";"300,000";"BR-153/GO";"Crescente";"Colisão traseira";1;0;0;0;0;1;0;0;0;0;2;0;0;0;0
"07/11/2024";"09:56:00";"89";"Sem vítima";"367,000";"BR-153/GO";"Crescente";"Colisão traseira";1;0;0;0;0;1;0;0;0;0;5;0;0;0;0
"07/11/2024";"16:34:00";"168";"Sem vítima";"394,000";"BR-153/GO";"Crescente";"Saída de pista";1;0;0;0;0;0;0;0;0;0;1;0;0;0;0
"07/11/2024";"23:25:00";"219";"Com vítima";"47,900";"BR-153/GO";"Crescente";"Colisão lateral em sentido contrário";1;0;0;0;0;1;0;0;0;0;1;1;0;1;0
"07/11/2024";"23:30:00";"220";"Sem vítima";"436,029";"BR-153/GO";"Crescente";"Colisão traseira";2;0;0;0;0;0;0;0;0;0;2;0;0;0;0
"08/11/2024";"00:09:00";"1";"Com vítima";"678,670";"BR-153/TO";"Decrescente";"Tombamento";0;0;0;0;1;0;0;0;0;0;0;52;1;0;4
"08/11/2024";"08:53:00";"62";"Com vítima";"280,200";"BR-153/GO";"Decrescente";"Saída de pista";1;0;0;0;0;0;0;0;0;0;0;1;0;0;0
"08/11/2024";"10:50:00";"89";"Sem vítima";"139,800";"BR-153/GO";"Decrescente";"Colisão lateral no mesmo sentido";0;0;1;0;0;1;0;0;0;1;3;0;0;0;0
"08/11/2024";"11:07:00";"90";"Sem vítima";"138,000";"BR-080/GO";"Decrescente";"Saída de pista";1;0;0;0;0;0;0;0;0;0;1;0;0;0;0
"08/11/2024";"15:24:00";"135";"Com vítima";"725,600";"BR-153/TO";"Crescente";"Colisão lateral no mesmo sentido";1;0;0;0;0;1;0;0;0;0;2;2;0;0;0
"08/11/2024";"16:27:00";"148";"Com vítima";"429,500";"BR-153/GO";"Crescente";"Atropelamento de pedestre";0;0;1;0;0;0;0;0;0;0;1;0;0;1;0
"08/11/2024";"19:11:00";"176";"Sem vítima";"423,000";"BR-153/GO";"Decrescente";"Saída de pista";1;0;0;0;0;0;0;0;0;0;2;0;0;0;0
"08/11/2024";"19:20:00";"179";"Sem vítima";"398,000";"BR-153/GO";"Crescente";"Colisão traseira";1;0;0;0;0;0;0;0;0;1;2;0;0;0;0
"08/11/2024";"19:41:00";"183";"Sem vítima";"322,000";"BR-414/GO";"Decrescente";"Colisão traseira";1;0;0;0;0;1;0;0;0;0;6;0;0;0;0
"09/11/2024";"06:16:00";"34";"Sem vítima";"287,200";"BR-153/GO";"Crescente";"Saída de pista";1;0;0;0;0;0;0;0;0;0;1;0;0;0;0
"09/11/2024";"06:33:00";"36";"Sem vítima";"394,000";"BR-414/GO";"Decrescente";"Saída de pista";1;0;0;0;0;0;0;0;0;0;1;0;0;0;0
"09/11/2024";"06:45:00";"39";"Sem vítima";"374,713";"BR-153/GO";"Crescente";"Colisão traseira";1;0;0;0;0;1;0;0;0;1;5;0;0;0;0
"09/11/2024";"08:06:00";"55";"Sem vítima";"404,800";"BR-414/GO";"Crescente";"Saída de pista";0;0;1;0;0;0;0;0;0;0;2;0;0;0;0
"09/11/2024";"13:01:00";"106";"Sem vítima";"132,680";"BR-153/GO";"Crescente";"Saída de pista";0;0;1;0;0;0;0;0;0;0;1;0;0;0;0
"09/11/2024";"15:59:00";"141";"Com vítima";"624,600";"BR-153/TO";"Crescente";"Colisão transversal";2;0;0;0;0;0;0;0;0;0;3;1;0;1;0
"09/11/2024";"16:37:00";"150";"Sem vítima";"292,897";"BR-153/GO";"Decrescente";"Colisão lateral no mesmo sentido";1;0;0;0;0;1;0;0;0;0;2;0;0;0;0
"10/11/2024";"00:53:00";"8";"Com vítima";"250,080";"BR-153/GO";"Decrescente";"Colisão frontal";1;0;0;0;0;1;0;0;0;0;0;1;0;0;2
"10/11/2024";"01:37:00";"13";"Sem vítima";"430,100";"BR-153/GO";"Decrescente";"Colisão traseira";1;0;1;0;0;0;0;0;0;0;2;0;0;0;0
"10/11/2024";"09:09:00";"71";"Com vítima";"730,080";"BR-153/TO";"Crescente";"Saída de pista";0;0;0;0;0;1;0;0;0;0;0;0;1;0;0
"10/11/2024";"13:11:00";"129";"Sem vítima";"227,000";"BR-153/GO";"Crescente";"Colisão traseira";0;0;0;0;0;2;0;0;0;0;2;0;0;0;0
"10/11/2024";"18:45:00";"186";"Com vítima";"770,800";"BR-153/TO";"Decrescente";"Colisão frontal";0;0;0;1;0;1;0;0;0;0;2;0;0;0;1
"10/11/2024";"20:08:00";"197";"Sem vítima";"440,000";"BR-414/GO";"Decrescente";"Colisão lateral no mesmo sentido";2;0;0;0;0;0;0;0;0;0;4;0;0;0;0
"10/11/2024";"20:08:00";"198";"Com vítima";"119,300";"BR-153/GO";"Crescente";"Atropelamento de animal";0;0;0;0;0;0;0;0;0;1;1;0;0;0;0
"11/11/2024";"05:43:00";"29";"Sem vítima";"436,000";"BR-153/GO";"Crescente";"Colisão traseira";1;0;0;0;1;0;0;0;0;0;2;0;0;0;0
"11/11/2024";"07:41:00";"50";"Com vítima";"442,500";"BR-153/GO";"Crescente";"Colisão traseira";0;0;1;1;0;0;0;0;0;0;1;0;0;1;0
"11/11/2024";"09:31:00";"85";"Sem vítima";"106,000";"BR-153/GO";"Decrescente";"Colisão traseira";1;0;0;0;0;1;0;0;0;0;3;0;0;0;0
"11/11/2024";"10:57:00";"105";"Sem vítima";"321,000";"BR-414/GO";"Decrescente";"Colisão traseira";0;0;0;0;0;1;0;0;0;1;2;0;0;0;0