data;horario;n_da_ocorrencia;tipo_de_ocorrencia;km;trecho;sentido;tipo_de_acidente;automovel;bicicleta;caminhao;moto;onibus;outros;tracao_animal;transporte_de_cargas_especiais;trator_maquinas;utilitarios;ilesos;levemente_feridos;moderadamente_feridos;gravemente_feridos;mortos
"18/12/2024";"03:09:00";"15";"Com vítima";"102,250";"BR-153/GO";"Crescente";"Colisão transversal";1;0;0;0;1;0;0;0;0;0;36;1;0;1;2
"18/12/2024";"09:40:00";"75";"Com vítima";"758,500";"BR-153/TO";"Decrescente";"Saída de pista";0;0;0;1;0;0;0;0;0;0;0;3;0;0;0
"19/12/2024";"01:51:00";"10";"Sem vítima";"760,000";"BR-153/TO";"Decrescente";"Saída de pista";1;0;0;0;0;0;0;0;0;0;1;0;0;0;0
"19/12/2024";"10:29:00";"79";"Sem vítima";"356,300";"BR-153/GO";"Decrescente";"Colisão transversal";2;0;0;0;0;0;0;0;0;0;3;0;0;0;0
"19/12/2024";"13:40:00";"120";"Sem vítima";"384,000";"BR-414/GO";"Crescente";"Saída de pista";0;0;0;0;0;1;0;0;0;0;1;0;0;0;0
"19/12/2024";"19:17:00";"194";"Com vítima";"438,095";"BR-414/GO";"Decrescente";"Colisão traseira";0;0;0;1;0;1;0;0;0;0;1;0;1;0;0
"20/12/2024";"08:29:00";"70";"Com vítima";"391,300";"BR-414/GO";"Crescente";"Saída de pista";1;0;0;0;0;0;0;0;0;0;2;2;1;0;0
"20/12/2024";"10:41:00";"102";"Com vítima";"378,050";"BR-414/GO";"Decrescente";"Colisão traseira";0;0;2;0;0;0;0;0;0;0;2;0;1;0;0
"20/12/2024";"11:20:00";"114";"Sem vítima";"760,000";"BR-153/TO";"Decrescente";"Colisão lateral no mesmo sentido";1;0;0;0;0;1;0;0;0;0;4;0;0;0;0
"20/12/2024";"14:20:00";"150";"Com vítima";"434,600";"BR-414/GO";"Decrescente";"Colisão transversal";0;0;0;0;0;2;0;0;0;0;1;1;0;0;0
"20/12/2024";"22:22:00";"275";"Com vítima";"723,000";"BR-153/TO";"Decrescente";"Atropelamento de ciclista";1;1;0;0;0;0;0;0;0;0;2;0;0;0;0
"21/12/2024";"05:19:00";"42";"Sem vítima";"25,900";"BR-153/GO";"Crescente";"Tombamento";0;0;1;0;0;0;0;0;0;0;1;0;0;0;0
"21/12/2024";"06:44:00";"54";"Sem vítima";"157,050";"BR-153/GO";"Decrescente";"Colisão lateral no mesmo sentido";1;0;0;0;0;0;0;0;0;1;6;0;0;0;0
"21/12/2024";"08:34:00";"82";"Com vítima";"415,000";"BR-153/GO";"Decrescente";"Saída de pista";1;0;0;0;0;0;0;0;0;0;0;0;2;0;0
"21/12/2024";"09:21:00";"91";"Com vítima";"340,300";"BR-153/GO";"Decrescente";"Capotamento";1;0;0;0;0;0;0;0;0;0;2;0;1;0;0
"21/12/2024";"10:56:00";"118";"Sem vítima";"42,800";"BR-153/GO";"Decrescente";"Saída de pista";0;0;0;0;0;0;0;0;0;1;4;0;0;0;0
"21/12/2024";"18:22:00";"230";"Sem vítima";"359,000";"BR-153/GO";"Decrescente";"Queda de moto";0;0;0;1;0;0;0;0;0;0;1;0;0;0;0
"21/12/2024";"21:25:00";"277";"Sem vítima";"437,000";"BR-153/GO";"Crescente";"Queda de moto";0;0;0;1;0;0;0;0;0;0;2;0;0;0;0
"22/12/2024";"01:35:00";"9";"Com vítima";"209,500";"BR-153/GO";"Decrescente";"Saída de pista";1;0;0;0;0;0;0;0;0;0;0;4;0;0;0
"22/12/2024";"05:12:00";"40";"Sem vítima";"431,000";"BR-153/GO";"Decrescente";"Saída de pista";0;0;1;0;0;1;0;0;0;0;4;0;0;0;0
"22/12/2024";"15:57:00";"199";"Sem vítima";"436,800";"BR-153/GO";"Decrescente";"Colisão traseira";0;0;0;1;0;0;0;0;0;1;3;0;0;0;0
"22/12/2024";"16:10:00";"203";"Sem vítima";"678,850";"BR-153/TO";"Crescente";"Saída de pista";0;0;0;0;0;2;0;0;0;0;2;0;0;0;0
"22/12/2024";"20:01:00";"254";"Com vítima";"309,949";"BR-153/GO";"Decrescente";"Colisão frontal";2;0;0;0;0;1;0;0;0;0;1;3;0;1;0
"22/12/2024";"20:43:00";"262";"Com vítima";"327,000";"BR-414/GO";"Decrescente";"Atropelamento de animal";1;0;0;0;0;0;0;0;0;0;1;0;0;0;0
"23/12/2024";"03:18:00";"21";"Sem vítima";"33,500";"BR-153/GO";"Decrescente";"Atropelamento de animal";1;0;0;0;0;0;0;0;0;0;4;0;0;0;0
"23/12/2024";"05:51:00";"34";"Sem vítima";"681,288";"BR-153/TO";"Decrescente";"Saída de pista";1;0;0;0;0;0;0;0;0;0;1;0;0;0;0
"23/12/2024";"11:26:00";"112";"Sem vítima";"284,290";"BR-153/GO";"Crescente";"Colisão traseira";2;0;0;0;0;0;0;0;0;0;6;0;0;0;0
"23/12/2024";"17:14:00";"189";"Sem vítima";"98,000";"BR-080/GO";"Crescente";"Atropelamento de animal";1;0;0;0;0;0;0;0;0;0;2;0;0;0;0
"23/12/2024";"19:56:00";"210";"Sem vítima";"435,950";"BR-153/GO";"Decrescente";"Queda de moto";0;0;0;1;0;0;0;0;0;0;1;0;0;0;0
"23/12/2024";"20:52:00";"218";"Sem vítima";"379,500";"BR-153/GO";"Crescente";"Saída de pista";1;0;0;0;0;0;0;0;0;0;4;0;0;0;0
"23/12/2024";"21:30:00";"225";"Com vítima";"299,000";"BR-153/GO";"Decrescente";"Colisão traseira";0;0;1;1;0;0;0;0;0;0;1;0;1;0;0
"23/12/2024";"23:00:00";"234";"Com vítima";"306,500";"BR-414/GO";"Decrescente";"Colisão frontal";1;0;1;0;0;0;0;0;0;0;0;1;0;0;1
"24/12/2024";"01:33:00";"17";"Com vítima";"131,800";"BR-080/GO";"Decrescente";"Capotamento";1;0;0;0;0;0;0;0;0;0;1;1;0;0;0
"24/12/2024";"14:21:00";"141";"Sem vítima";"413,000";"BR-153/GO";"Decrescente";"Saída de pista";1;0;0;0;0;0;0;0;0;0;4;0;0;0;0
"24/12/2024";"16:37:00";"179";"Sem vítima";"349,400";"BR-153/GO";"Crescente";"Saída de pista";1;0;0;0;0;0;0;0;0;0;4;0;0;0;0
"24/12/2024";"18:49:00";"204";"Sem vítima";"198,500";"BR-153/GO";"Decrescente";"Colisão traseira";2;0;0;0;0;0;0;0;0;0;2;0;0;0;0
"24/12/2024";"19:24:00";"216";"Sem vítima";"185,589";"BR-153/GO";"Decrescente";"Saída de pista";1;0;0;0;0;0;0;0;0;0;1;0;0;0;0
"24/12/2024";"22:13:00";"244";"Com vítima";"425,900";"BR-153/GO";"Decrescente";"Colisão traseira";0;0;0;0;0;0;0;0;0;2;1;1;0;0;0
"25/12/2024";"02:47:00";"12";"Sem vítima";"75,700";"BR-153/GO";"Crescente";"Saída de pista";1;0;0;0;0;0;0;0;0;0;1;0;0;0;0
"25/12/2024";"03:24:00";"17";"Com vítima";"762,000";"BR-153/TO";"Decrescente";"Queda de moto";0;0;0;1;0;0;0;0;0;0;0;2;0;0;0
"25/12/2024";"15:13:00";"120";"Sem vítima";"792,000";"BR-153/TO";"Crescente";"Saída de pista";1;0;0;0;0;0;0;0;0;0;3;0;0;0;0
"25/12/2024";"21:07:00";"198";"Sem vítima";"300,000";"BR-153/GO";"Decrescente";"Saída de pista";1;0;0;0;0;0;0;0;0;0;3;0;0;0;0
"26/12/2024";"02:26:00";"11";"Sem vítima";"340,200";"BR-153/GO";"Decrescente";"Choque";0;0;1;0;0;0;0;0;0;0;2;0;0;0;0
"26/12/2024";"04:39:00";"20";"Com vítima";"375,950";"BR-153/GO";"Decrescente";"Colisão traseira";1;0;0;1;0;0;0;0;0;0;3;0;2;0;0
"26/12/2024";"07:53:00";"51";"Sem vítima";"726,900";"BR-153/TO";"Crescente";"Colisão lateral em sentido contrário";1;0;1;0;0;1;0;0;0;0;7;0;0;0;0
"26/12/2024";"09:40:00";"72";"Sem vítima";"647,700";"BR-153/TO";"Crescente";"Colisão lateral no mesmo sentido";0;0;1;0;0;0;0;0;0;1;3;0;0;0;0
"26/12/2024";"18:16:00";"168";"Com vítima";"436,500";"BR-153/GO";"Decrescente";"Engavetamento";2;0;0;0;0;1;0;0;0;0;2;1;0;0;0
"26/12/2024";"22:17:00";"201";"Sem vítima";"79,837";"BR-153/GO";"Crescente";"Atropelamento de ciclista";1;1;0;0;0;0;0;0;0;0;3;0;0;0;0
"26/12/2024";"23:44:00";"207";"Sem vítima";"259,426";"BR-153/GO";"Crescente";"Saída de pista";0;0;0;0;0;0;0;0;0;1;1;0;0;0;0
"27/12/2024";"00:41:00";"5";"Com vítima";"196,200";"BR-153/GO";"Crescente";"Colisão lateral em sentido contrário";0;0;1;0;1;0;0;0;0;0;0;0;0;0;2
"27/12/2024";"03:14:00";"16";"Com vítima";"267,000";"BR-153/GO";"Decrescente";"Atropelamento de animal";1;0;0;0;0;0;0;0;0;0;2;0;0;0;0
"27/12/2024";"08:41:00";"72";"Sem vítima";"277,000";"BR-153/GO";"Crescente";"Saída de pista";1;0;0;0;0;1;0;0;0;0;2;0;0;0;0
"27/12/2024";"09:14:00";"85";"Sem vítima";"325,200";"BR-153/GO";"Crescente";"Saída de pista";0;0;0;0;0;1;0;0;0;0;1;0;0;0;0
"27/12/2024";"16:47:00";"176";"Sem vítima";"194,000";"BR-153/GO";"Decrescente";"Colisão traseira";1;0;0;0;0;0;0;0;0;1;6;0;0;0;0
"27/12/2024";"21:44:00";"232";"Sem vítima";"745,490";"BR-153/TO";"Decrescente";"Atropelamento de animal";1;0;0;0;0;0;0;0;0;0;1;0;0;0;0
"28/12/2024";"07:00:00";"48";"Sem vítima";"344,500";"BR-153/GO";"Crescente";"Colisão traseira";1;0;1;0;0;0;0;0;0;0;3;0;0;0;0
"28/12/2024";"10:17:00";"106";"Sem vítima";"260,000";"BR-153/GO";"Crescente";"Engavetamento";1;0;0;0;0;0;0;0;0;2;8;0;0;0;0
"28/12/2024";"11:49:00";"132";"Com vítima";"205,900";"BR-153/GO";"Decrescente";"Colisão traseira";2;0;0;0;0;0;0;0;0;0;1;0;1;0;0
"28/12/2024";"15:40:00";"175";"Sem vítima";"703,000";"BR-153/TO";"Decrescente";"Saída de pista";1;0;0;0;0;1;0;0;0;0;4;0;0;0;0
"28/12/2024";"16:09:00";"181";"Com vítima";"197,000";"BR-153/GO";"Crescente";"Colisão lateral em sentido contrário";1;0;0;0;1;0;0;0;0;1;52;0;2;0;0
"28/12/2024";"23:00:00";"256";"Sem vítima";"363,100";"BR-153/GO";"Decrescente";"Saída de pista";1;0;0;0;0;0;0;0;0;0;2;0;0;0;0
"29/12/2024";"00:41:00";"8";"Sem vítima";"431,900";"BR-414/GO";"Crescente";"Saída de pista";0;0;0;0;0;0;0;0;0;1;2;0;0;0;0
"29/12/2024";"16:33:00";"167";"Sem vítima";"680,000";"BR-153/TO";"Crescente";"Choque";0;0;1;0;0;1;0;0;0;0;3;0;0;0;0
"29/12/2024";"22:33:00";"238";"Sem vítima";"423,000";"BR-153/GO";"Crescente";"Saída de pista";1;0;0;0;0;0;0;0;0;0;2;0;0;0;0
"30/12/2024";"05:43:00";"36";"Sem vítima";"355,500";"BR-153/GO";"Decrescente";"Colisão transversal";2;0;0;0;0;0;0;0;0;0;6;0;0;0;0
"30/12/2024";"10:12:00";"90";"Sem vítima";"163,748";"BR-153/GO";"Crescente";"Colisão traseira";1;0;0;0;0;0;0;0;0;0;1;0;0;0;0
"30/12/2024";"15:13:00";"160";"Sem vítima";"310,000";"BR-414/GO";"Crescente";"Saída de pista";1;0;0;0;0;0;0;0;0;0;1;0;0;0;0
"30/12/2024";"15:26:00";"162";"Sem vítima";"305,720";"BR-153/GO";"Decrescente";"Saída de pista";0;0;1;0;0;0;0;0;0;0;2;0;0;0;0
"30/12/2024";"18:02:00";"179";"Sem vítima";"434,800";"BR-414/GO";"Decrescente";"Colisão traseira";2;0;0;0;0;0;0;0;0;0;4;0;0;0;0
"31/12/2024";"06:53:00";"40";"Sem vítima";"640,000";"BR-153/TO";"Crescente";"Colisão traseira";0;0;1;0;0;1;0;0;0;0;2;0;0;0;0
"01/01/2025";"01:44:00";"6";"Sem vítima";"414,427";"BR-153/GO";"Decrescente";"Colisão frontal";2;0;0;0;0;0;0;0;0;0;5;0;0;0;0
"01/01/2025";"07:45:00";"44";"Sem vítima";"410,200";"BR-153/GO";"Decrescente";"Atropelamento de animal";1;0;0;0;0;0;0;0;0;0;4;0;0;0;0
"01/01/2025";"20:47:00";"185";"Com vítima";"142,100";"BR-080/GO";"Decrescente";"Atropelamento de animal";1;0;0;0;0;0;0;0;0;0;1;0;0;0;0
"02/01/2025";"06:45:00";"39";"Sem vítima";"689,300";"BR-153/TO";"Crescente";"Tombamento";0;0;0;0;0;1;0;0;0;0;1;0;0;0;0
"02/01/2025";"09:44:00";"70";"Sem vítima";"407,000";"BR-414/GO";"Decrescente";"Atropelamento de animal";1;0;0;0;0;0;0;0;0;0;2;0;0;0;0
"03/01/2025";"00:39:00";"7";"Com vítima";"204,300";"BR-153/GO";"Crescente";"Atropelamento de animal";1;0;0;0;0;0;0;0;0;0;1;0;0;0;0
"03/01/2025";"01:31:00";"13";"Sem vítima";"367,750";"BR-153/GO";"Decrescente";"Saída de pista";1;0;0;0;0;0;0;0;0;0;1;0;0;0;0
"03/01/2025";"10:28:00";"88";"Sem vítima";"70,500";"BR-153/GO";"Crescente";"Colisão lateral no mesmo sentido";1;0;0;0;0;0;0;0;0;1;6;0;0;0;0
"03/01/2025";"10:37:00";"89";"Com vítima";"85,100";"BR-153/GO";"Crescente";"Engavetamento";6;0;0;0;0;1;0;0;0;0;13;0;1;0;0
"04/01/2025";"05:02:00";"25";"Sem vítima";"395,500";"BR-414/GO";"Decrescente";"Saída de pista";0;0;1;0;0;0;0;0;0;0;2;0;0;0;0
"04/01/2025";"09:30:00";"70";"Com vítima";"702,500";"BR-153/TO";"Crescente";"Colisão transversal";2;0;0;0;0;0;0;0;0;0;1;2;2;0;0
"04/01/2025";"15:08:00";"120";"Com vítima";"436,700";"BR-414/GO";"Decrescente";"Colisão transversal";1;0;0;1;0;0;0;0;0;0;1;0;1;0;0
"04/01/2025";"21:24:00";"199";"Com vítima";"337,500";"BR-153/GO";"Decrescente";"Colisão lateral no mesmo sentido";0;0;0;2;0;0;0;0;0;0;2;1;0;0;0
"05/01/2025";"12:07:00";"118";"Sem vítima";"440,700";"BR-153/GO";"Crescente";"Colisão lateral no mesmo sentido";2;0;0;0;0;0;0;0;0;0;5;0;0;0;0
"05/01/2025";"15:19:00";"148";"Sem vítima";"387,800";"BR-414/GO";"Crescente";"Saída de pista";1;0;0;0;0;0;0;0;0;0;1;0;0;0;0
"05/01/2025";"15:25:00";"149";"Sem vítima";"434,400";"BR-153/GO";"Crescente";"Saída de pista";1;0;0;0;0;0;0;0;0;0;1;0;0;0;0
"05/01/2025";"17:01:00";"172";"Sem vítima";"387,000";"BR-414/GO";"Crescente";"Saída de pista";0;0;0;0;0;0;0;0;0;1;1;0;0;0;0
"05/01/2025";"17:34:00";"177";"Sem vítima";"791,000";"BR-153/TO";"Crescente";"Colisão lateral no mesmo sentido";1;0;0;0;0;1;0;0;0;0;6;0;0;0;0
"05/01/2025";"23:19:00";"234";"Sem vítima";"701,500";"BR-153/TO";"Decrescente";"Saída de pista";1;0;0;0;0;0;0;0;0;0;1;0;0;0;0
"06/01/2025";"07:00:00";"39";"Com vítima";"329,000";"BR-153/GO";"Crescente";"Saída de pista";0;0;0;0;0;0;0;0;0;1;0;1;0;0;0
"06/01/2025";"11:57:00";"94";"Sem vítima";"393,000";"BR-414/GO";"Crescente";"Colisão traseira";2;0;0;0;0;0;0;0;0;0;7;0;0;0;0
"06/01/2025";"14:17:00";"118";"Sem vítima";"233,400";"BR-153/GO";"Crescente";"Colisão traseira";1;0;1;0;0;0;0;0;0;0;6;0;0;0;0
"06/01/2025";"20:02:00";"164";"Com vítima";"434,100";"BR-153/GO";"Crescente";"Choque";1;0;0;0;0;0;0;0;0;0;0;1;0;0;0
"07/01/2025";"14:48:00";"113";"Sem vítima";"416,300";"BR-153/GO";"Crescente";"Tombamento";0;0;1;0;0;0;0;0;0;0;1;0;0;0;0
"07/01/2025";"15:25:00";"117";"Sem vítima";"436,000";"BR-414/GO";"Crescente";"Colisão transversal";1;0;0;0;0;0;0;0;0;1;5;0;0;0;0
"07/01/2025";"15:51:00";"121";"Sem vítima";"622,700";"BR-153/TO";"Decrescente";"Colisão lateral no mesmo sentido";1;0;1;0;0;0;0;0;0;0;3;0;0;0;0
"07/01/2025";"21:50:00";"172";"Sem vítima";"178,330";"BR-153/GO";"Decrescente";"Colisão traseira";1;0;0;0;0;0;0;0;0;1;3;0;0;0;0
"08/01/2025";"01:36:00";"4";"Sem vítima";"760,000";"BR-153/TO";"Decrescente";"Saída de pista";1;0;0;0;0;0;0;0;0;0;1;0;0;0;0
"08/01/2025";"13:02:00";"110";"Sem vítima";"207,500";"BR-153/GO";"Decrescente";"Saída de pista";0;0;1;0;0;0;0;0;0;0;1;0;0;0;0
"08/01/2025";"17:35:00";"164";"Sem vítima";"307,300";"BR-153/GO";"Crescente";"Saída de pista";1;0;0;0;0;0;0;0;0;0;3;0;0;0;0
"08/01/2025";"20:00:00";"185";"Sem vítima";"379,400";"BR-414/GO";"Decrescente";"Saída de pista";1;0;0;0;0;0;0;0;0;0;1;0;0;0;0
"09/01/2025";"09:22:00";"51";"Sem vítima";"127,000";"BR-153/GO";"Crescente";"Saída de pista";1;0;0;0;0;0;0;0;0;0;5;0;0;0;0
"10/01/2025";"11:42:00";"79";"Sem vítima";"439,000";"BR-414/GO";"Crescente";"Saída de pista";1;0;0;0;0;0;0;0;0;0;1;0;0;0;0
"10/01/2025";"15:03:00";"105";"Com vítima";"439,000";"BR-414/GO";"Crescente";"Queda de moto";0;0;0;1;0;0;0;0;0;0;0;0;1;0;0
"10/01/2025";"15:23:00";"110";"Com vítima";"356,300";"BR-414/GO";"Decrescente";"Colisão lateral em sentido contrário";1;0;0;0;0;2;0;0;0;0;2;0;0;0;1
"10/01/2025";"15:55:00";"114";"Com vítima";"44,900";"BR-153/GO";"Decrescente";"Capotamento";0;0;0;0;0;0;0;0;0;1;0;1;0;0;0
"10/01/2025";"18:47:00";"147";"Com vítima";"403,000";"BR-414/GO";"Decrescente";"Colisão frontal";1;0;0;0;0;1;0;0;0;0;2;0;0;1;0
"11/01/2025";"01:01:00";"6";"Com vítima";"697,000";"BR-153/TO";"Crescente";"Capotamento";1;0;0;0;0;1;0;0;0;0;1;1;0;0;0
"11/01/2025";"20:29:00";"165";"Com vítima";"292,000";"BR-153/GO";"Decrescente";"Queda de moto";0;0;0;1;0;0;0;0;0;0;0;1;0;0;0
"11/01/2025";"22:53:00";"179";"Sem vítima";"112,000";"BR-153/GO";"Decrescente";"Saída de pista";0;0;0;0;1;0;0;0;0;0;49;0;0;0;0
"12/01/2025";"00:08:00";"2";"Sem vítima";"428,000";"BR-153/GO";"Crescente";"Saída de pista";1;0;0;0;0;0;0;0;0;0;1;0;0;0;0
"12/01/2025";"04:38:00";"22";"Com vítima";"344,500";"BR-153/GO";"Decrescente";"Colisão lateral em sentido contrário";1;0;0;0;0;1;0;0;0;0;1;2;0;0;0
"12/01/2025";"05:32:00";"29";"Sem vítima";"679,100";"BR-153/TO";"Decrescente";"Saída de pista";1;0;1;0;0;0;0;0;0;0;4;0;0;0;0
"12/01/2025";"06:10:00";"31";"Sem vítima";"147,800";"BR-153/GO";"Crescente";"Capotamento";1;0;0;0;0;0;0;0;0;0;2;0;0;0;0
"12/01/2025";"06:44:00";"36";"Sem vítima";"356,400";"BR-153/GO";"Decrescente";"Colisão transversal";1;0;0;0;0;1;0;0;0;0;2;0;0;0;0
"12/01/2025";"10:27:00";"78";"Com vítima";"325,700";"BR-414/GO";"Crescente";"Atropelamento de animal";1;0;0;0;0;0;0;0;0;0;1;0;0;0;0
"12/01/2025";"11:57:00";"96";"Sem vítima";"135,000";"BR-153/GO";"Crescente";"Choque";0;0;1;0;0;0;0;0;0;0;1;0;0;0;0
"12/01/2025";"12:59:00";"103";"Sem vítima";"368,700";"BR-414/GO";"Crescente";"Saída de pista";0;0;0;0;0;0;0;0;0;1;4;0;0;0;0
"12/01/2025";"23:46:00";"183";"Com vítima";"434,000";"BR-153/GO";"Crescente";"Colisão lateral no mesmo sentido";0;0;0;1;0;1;0;0;0;0;1;1;0;0;0
"13/01/2025";"00:59:00";"6";"Sem vítima";"351,800";"BR-153/GO";"Crescente";"Atropelamento de animal";0;0;0;0;0;0;0;0;0;1;2;0;0;0;0
"13/01/2025";"04:12:00";"16";"Com vítima";"245,460";"BR-153/GO";"Decrescente";"Colisão transversal";1;0;0;0;0;1;0;0;0;0;1;0;1;1;3
"13/01/2025";"05:29:00";"22";"Com vítima";"186,200";"BR-153/GO";"Crescente";"Atropelamento de animal";1;0;0;0;0;0;0;0;0;0;3;1;0;0;0
"13/01/2025";"07:10:00";"36";"Sem vítima";"87,500";"BR-153/GO";"Decrescente";"Saída de pista";1;0;0;0;0;0;0;0;0;0;1;0;0;0;0
"13/01/2025";"10:53:00";"93";"Sem vítima";"134,500";"BR-080/GO";"Crescente";"Atropelamento de animal";1;0;0;0;0;0;0;0;0;0;1;0;0;0;0
"13/01/2025";"12:08:00";"107";"Sem vítima";"630,000";"BR-153/TO";"Decrescente";"Saída de pista";1;0;0;0;0;0;0;0;0;0;2;0;0;0;0
"13/01/2025";"12:17:00";"110";"Sem vítima";"440,680";"BR-153/GO";"Crescente";"Queda de moto";0;0;0;1;0;0;0;0;0;0;1;0;0;0;0
"13/01/2025";"17:03:00";"169";"Sem vítima";"438,415";"BR-153/GO";"Decrescente";"Choque";1;0;0;0;0;0;0;0;0;0;1;0;0;0;0
"13/01/2025";"19:55:00";"199";"Sem vítima";"305,340";"BR-153/GO";"Crescente";"Colisão lateral no mesmo sentido";1;0;0;0;0;1;0;0;0;0;3;0;0;0;0
"14/01/2025";"11:47:00";"102";"Sem vítima";"337,500";"BR-153/GO";"Decrescente";"Saída de pista";1;0;0;0;0;0;0;0;0;0;1;0;0;0;0
"14/01/2025";"12:55:00";"120";"Com vítima";"424,370";"BR-153/GO";"Crescente";"Saída de pista";0;0;0;0;0;0;0;0;0;1;1;0;1;0;0
"14/01/2025";"13:58:00";"132";"Com vítima";"356,410";"BR-153/GO";"Crescente";"Colisão transversal";2;0;0;0;0;0;0;0;0;0;7;1;0;0;0
"14/01/2025";"14:24:00";"141";"Sem vítima";"373,550";"BR-153/GO";"Crescente";"Colisão traseira";2;0;0;0;0;0;0;0;0;0;5;0;0;0;0
"15/01/2025";"06:15:00";"23";"Sem vítima";"126,500";"BR-153/GO";"Decrescente";"Saída de pista";1;0;0;0;0;0;0;0;0;0;1;0;0;0;0
"15/01/2025";"14:34:00";"106";"Com vítima";"200,000";"BR-153/GO";"Crescente";"Colisão transversal";0;0;1;1;0;0;0;0;0;0;1;1;0;0;0
"15/01/2025";"17:06:00";"139";"Sem vítima";"376,000";"BR-414/GO";"Decrescente";"Atropelamento de animal";1;0;0;0;0;0;0;0;0;0;1;0;0;0;0
"15/01/2025";"19:08:00";"166";"Sem vítima";"438,000";"BR-153/GO";"Decrescente";"Choque";2;0;0;0;0;0;0;0;0;0;2;0;0;0;0
"15/01/2025";"19:20:00";"169";"Sem vítima";"343,000";"BR-153/GO";"Crescente";"Atropelamento de animal";1;0;0;0;0;0;0;0;0;0;5;0;0;0;0
"16/01/2025";"02:31:00";"10";"Com vítima";"139,508";"BR-153/GO";"Decrescente";"Colisão traseira";0;0;0;0;2;0;0;0;0;0;53;8;4;1;1
"16/01/2025";"05:54:00";"23";"Com vítima";"318,000";"BR-153/GO";"Crescente";"Colisão transversal";1;0;0;0;0;0;0;0;0;1;2;0;1;0;0
"16/01/2025";"09:19:00";"56";"Sem vítima";"342,600";"BR-153/GO";"Crescente";"Saída de pista";0;0;2;0;0;0;0;0;0;0;2;0;0;0;0
"16/01/2025";"09:23:00";"58";"Sem vítima";"404,400";"BR-414/GO";"Crescente";"Saída de pista";0;0;1;0;0;0;0;0;0;0;1;0;0;0;0
"16/01/2025";"10:39:00";"78";"Sem vítima";"284,000";"BR-153/GO";"Crescente";"Colisão lateral em sentido contrário";0;0;1;0;0;1;0;0;0;0;2;0;0;0;0
"17/01/2025";"02:06:00";"14";"Sem vítima";"315,805";"BR-153/GO";"Decrescente";"Saída de pista";0;0;0;0;0;1;0;0;0;0;2;0;0;0;0
"17/01/2025";"04:04:00";"23";"Sem vítima";"668,000";"BR-153/TO";"Decrescente";"Saída de pista";0;0;0;0;0;0;0;0;0;1;5;0;0;0;0
"17/01/2025";"08:57:00";"74";"Sem vítima";"649,679";"BR-153/TO";"Decrescente";"Engavetamento";1;0;1;0;0;2;0;0;0;0;13;0;0;0;0
"17/01/2025";"11:09:00";"108";"Sem vítima";"640,000";"BR-153/TO";"Crescente";"Colisão traseira";1;0;0;0;0;0;0;0;0;1;2;0;0;0;0
"17/01/2025";"17:49:00";"190";"Com vítima";"798,510";"BR-153/TO";"Decrescente";"Tombamento";0;0;1;0;0;0;0;0;0;0;0;1;0;0;0
"17/01/2025";"18:22:00";"194";"Com vítima";"393,000";"BR-414/GO";"Crescente";"Colisão transversal";1;0;0;1;0;0;0;0;0;0;1;1;0;0;0
"18/01/2025";"01:17:00";"10";"Sem vítima";"440,730";"BR-153/GO";"Decrescente";"Saída de pista";1;0;0;0;0;0;0;0;0;0;1;0;0;0;0
"18/01/2025";"08:54:00";"60";"Sem vítima";"388,000";"BR-153/GO";"Decrescente";"Engavetamento";3;0;0;0;0;0;0;0;0;0;7;0;0;0;0
"18/01/2025";"15:08:00";"142";"Com vítima";"718,900";"BR-153/TO";"Decrescente";"Colisão lateral em sentido contrário";0;0;0;0;1;1;0;0;0;0;15;6;0;0;0
"18/01/2025";"20:18:00";"208";"Sem vítima";"302,300";"BR-414/GO";"Crescente";"Colisão transversal";2;0;0;0;0;0;0;0;0;0;2;0;0;0;0
"19/01/2025";"15:43:00";"129";"Sem vítima";"35,200";"BR-153/GO";"Crescente";"Tombamento";0;0;0;0;0;1;0;0;0;0;1;0;0;0;0