data;horario;n_da_ocorrencia;tipo_de_ocorrencia;km;trecho;sentido;tipo_de_acidente;automovel;bicicleta;caminhao;moto;onibus;outros;tracao_animal;transporte_de_cargas_especiais;trator_maquinas;utilitarios;ilesos;levemente_feridos;moderadamente_feridos;gravemente_feridos;mortos
"02/04/2025";"20:24:00";"184";"Sem vítima";"660,550";"BR-153/TO";"Decrescente";"Saída de pista";0;0;1;0;0;0;0;0;0;0;2;0;0;0;0
"02/04/2025";"21:09:00";"193";"Sem vítima";"402,000";"BR-414/GO";"Crescente";"Saída de pista";1;0;0;0;0;0;0;0;0;0;1;0;0;0;0
"03/04/2025";"00:55:00";"6";"Com vítima";"260,800";"BR-153/GO";"Crescente";"Colisão traseira";0;0;2;0;0;0;0;0;0;0;1;0;0;1;0
"03/04/2025";"15:01:00";"160";"Sem vítima";"95,700";"BR-080/GO";"Decrescente";"Colisão lateral no mesmo sentido";1;0;0;0;0;1;0;0;0;0;2;0;0;0;0
"03/04/2025";"15:13:00";"162";"Com vítima";"111,000";"BR-153/GO";"Decrescente";"Saída de pista";1;0;0;0;0;0;0;0;0;0;1;1;0;0;0
"03/04/2025";"17:09:00";"190";"Sem vítima";"198,000";"BR-153/GO";"Decrescente";"Colisão transversal";1;0;0;1;0;0;0;0;0;0;2;0;0;0;0
"03/04/2025";"21:16:00";"235";"Com vítima";"442,000";"BR-153/GO";"Crescente";"Colisão traseira";1;0;0;1;0;0;0;0;0;0;2;1;0;0;0
"04/04/2025";"10:00:00";"61";"Sem vítima";"753,500";"BR-153/TO";"Decrescente";"Colisão traseira";1;0;0;0;0;1;0;0;0;0;2;0;0;0;0
"04/04/2025";"17:39:00";"155";"Com vítima";"437,000";"BR-414/GO";"Decrescente";"Colisão lateral no mesmo sentido";1;0;0;1;0;0;0;0;0;0;2;1;0;0;0
"05/04/2025";"04:27:00";"23";"Com vítima";"263,600";"BR-153/GO";"Crescente";"Queda de moto";0;0;0;1;0;0;0;0;0;0;0;0;1;0;0
"05/04/2025";"06:12:00";"34";"Com vítima";"378,000";"BR-414/GO";"Crescente";"Queda de moto";0;0;0;1;0;0;0;0;0;0;0;1;0;0;0
"05/04/2025";"11:05:00";"81";"Sem vítima";"142,000";"BR-080/GO";"Crescente";"Choque";0;0;0;0;0;2;0;0;0;0;2;0;0;0;0
"05/04/2025";"16:46:00";"150";"Sem vítima";"40,000";"BR-153/GO";"Decrescente";"Colisão frontal";1;0;0;0;0;0;0;0;0;1;3;0;0;0;0
"05/04/2025";"18:42:00";"170";"Com vítima";"127,500";"BR-080/GO";"Decrescente";"Colisão traseira";1;0;1;0;0;0;0;0;0;0;1;1;0;0;0
"05/04/2025";"19:03:00";"174";"Com vítima";"211,020";"BR-153/GO";"Decrescente";"Colisão transversal";0;0;0;1;0;1;0;0;0;0;1;1;0;0;0
"05/04/2025";"21:02:00";"191";"Sem vítima";"403,000";"BR-414/GO";"Decrescente";"Saída de pista";0;0;0;0;0;1;0;0;0;0;3;0;0;0;0
"06/04/2025";"01:14:00";"8";"Sem vítima";"299,000";"BR-153/GO";"Decrescente";"Saída de pista";0;0;0;0;0;1;0;0;0;0;1;0;0;0;0
"06/04/2025";"04:33:00";"22";"Sem vítima";"434,950";"BR-153/GO";"Crescente";"Colisão transversal";2;0;0;0;0;0;0;0;0;0;2;0;0;0;0
"06/04/2025";"04:38:00";"23";"Sem vítima";"34,280";"BR-153/GO";"Decrescente";"Choque";1;0;0;0;0;0;0;0;0;0;1;0;0;0;0
"06/04/2025";"14:27:00";"108";"Sem vítima";"690,238";"BR-153/TO";"Decrescente";"Colisão lateral no mesmo sentido";1;0;0;0;0;1;0;0;0;0;2;0;0;0;0
"06/04/2025";"17:59:00";"150";"Com vítima";"77,800";"BR-153/GO";"Decrescente";"Colisão lateral em sentido contrário";1;0;1;0;0;0;0;0;0;0;2;0;0;1;0
"06/04/2025";"18:36:00";"158";"Com vítima";"630,300";"BR-153/TO";"Decrescente";"Colisão traseira";1;0;1;0;0;2;0;0;0;0;5;2;2;0;0
"07/04/2025";"02:09:00";"11";"Sem vítima";"111,900";"BR-153/GO";"Crescente";"Saída de pista";1;0;0;0;0;0;0;0;0;0;2;0;0;0;0
"07/04/2025";"06:04:00";"31";"Com vítima";"78,000";"BR-153/GO";"Crescente";"Atropelamento de ciclista";0;1;0;1;0;0;0;0;0;0;1;0;0;0;0
"07/04/2025";"06:39:00";"37";"Sem vítima";"722,000";"BR-153/TO";"Crescente";"Colisão traseira";2;0;0;0;0;0;0;0;0;0;3;0;0;0;0
"07/04/2025";"08:53:00";"67";"Com vítima";"639,000";"BR-153/TO";"Decrescente";"Queda de moto";0;0;0;1;0;0;0;0;0;0;0;1;0;0;0
"07/04/2025";"16:39:00";"157";"Com vítima";"85,000";"BR-153/GO";"Decrescente";"Colisão traseira";1;0;0;1;0;0;0;0;0;0;1;0;1;0;0
"07/04/2025";"22:48:00";"195";"Com vítima";"637,584";"BR-153/TO";"Decrescente";"Colisão traseira";0;0;0;0;0;2;0;0;0;0;1;1;0;0;0
"08/04/2025";"00:35:00";"5";"Com vítima";"111,600";"BR-153/GO";"Crescente";"Atropelamento de animal";1;0;0;0;0;0;0;0;0;0;0;3;0;0;0
"08/04/2025";"05:11:00";"27";"Sem vítima";"175,500";"BR-153/GO";"Crescente";"Colisão traseira";0;0;0;0;0;2;0;0;0;0;2;0;0;0;0
"08/04/2025";"12:40:00";"110";"Com vítima";"438,000";"BR-414/GO";"Decrescente";"Queda de moto";0;0;0;1;0;0;0;0;0;0;0;0;2;0;0
"08/04/2025";"12:48:00";"112";"Sem vítima";"369,000";"BR-153/GO";"Decrescente";"Colisão traseira";1;0;0;0;0;1;0;0;0;0;2;0;0;0;0
"08/04/2025";"13:30:00";"117";"Sem vítima";"439,410";"BR-414/GO";"Decrescente";"Colisão transversal";1;0;0;0;1;0;0;0;0;0;2;0;0;0;0
"08/04/2025";"14:23:00";"124";"Sem vítima";"285,500";"BR-153/GO";"Decrescente";"Engavetamento";1;0;1;0;0;0;0;0;0;2;5;0;0;0;0
"08/04/2025";"22:32:00";"184";"Com vítima";"426,808";"BR-153/GO";"Decrescente";"Atropelamento de animal";0;0;0;0;0;0;0;0;0;1;4;0;0;0;0
"09/04/2025";"10:07:00";"73";"Com vítima";"434,000";"BR-153/GO";"Decrescente";"Colisão lateral no mesmo sentido";1;0;0;1;0;0;0;0;0;0;1;0;1;0;0
"09/04/2025";"11:03:00";"85";"Sem vítima";"395,100";"BR-153/GO";"Decrescente";"Saída de pista";0;0;0;0;0;0;0;0;0;1;1;0;0;0;0
"09/04/2025";"19:08:00";"170";"Com vítima";"101,400";"BR-153/GO";"Crescente";"Saída de pista";1;0;0;0;0;0;0;0;0;0;0;0;1;0;0
"09/04/2025";"19:25:00";"171";"Sem vítima";"318,300";"BR-153/GO";"Crescente";"Colisão traseira";0;0;0;0;0;2;0;0;0;0;2;0;0;0;0
"09/04/2025";"20:41:00";"178";"Com vítima";"131,263";"BR-080/GO";"Crescente";"Atropelamento de animal";0;0;0;0;0;1;0;0;0;0;1;0;0;0;0
"09/04/2025";"20:58:00";"179";"Com vítima";"430,700";"BR-414/GO";"Crescente";"Colisão traseira";1;0;0;0;0;1;0;0;0;0;1;0;1;0;0
"10/04/2025";"01:44:00";"6";"Sem vítima";"256,760";"BR-153/GO";"Decrescente";"Choque";0;0;0;0;0;1;0;0;0;0;1;0;0;0;0
"10/04/2025";"07:21:00";"38";"Sem vítima";"761,000";"BR-153/TO";"Decrescente";"Colisão lateral no mesmo sentido";0;0;0;0;0;2;0;0;0;0;2;0;0;0;0
"10/04/2025";"19:39:00";"152";"Sem vítima";"60,698";"BR-153/GO";"Crescente";"Colisão frontal";0;0;0;0;0;2;0;0;0;0;2;0;0;0;0
"11/04/2025";"10:27:00";"84";"Sem vítima";"422,725";"BR-414/GO";"Decrescente";"Saída de pista";0;0;0;1;0;0;0;0;0;0;1;0;0;0;0
"11/04/2025";"12:32:00";"112";"Sem vítima";"434,000";"BR-153/GO";"Crescente";"Capotamento";1;0;0;0;0;0;0;0;0;0;1;0;0;0;0
"11/04/2025";"14:59:00";"129";"Com vítima";"676,900";"BR-153/TO";"Decrescente";"Colisão traseira";1;0;0;1;0;0;0;0;0;0;0;4;0;0;0
"11/04/2025";"17:29:00";"165";"Sem vítima";"356,000";"BR-153/GO";"Crescente";"Colisão lateral em sentido contrário";2;0;0;0;0;0;0;0;0;0;6;0;0;0;0
"12/04/2025";"04:00:00";"18";"Com vítima";"350,900";"BR-153/GO";"Crescente";"Colisão traseira";1;0;0;0;0;1;0;0;0;0;1;0;0;1;0
"12/04/2025";"05:36:00";"31";"Sem vítima";"47,555";"BR-153/GO";"Crescente";"Saída de pista";0;0;0;0;0;1;0;0;0;0;1;0;0;0;0
"12/04/2025";"07:32:00";"48";"Sem vítima";"130,500";"BR-153/GO";"Crescente";"Saída de pista";1;0;0;0;0;0;0;0;0;0;1;0;0;0;0
"12/04/2025";"08:57:00";"67";"Sem vítima";"375,000";"BR-153/GO";"Decrescente";"Colisão traseira";0;0;1;0;0;1;0;0;0;0;2;0;0;0;0
"12/04/2025";"14:15:00";"128";"Com vítima";"106,790";"BR-153/GO";"Crescente";"Atropelamento de ciclista";0;1;0;0;0;1;0;0;0;0;1;0;0;0;0
"12/04/2025";"14:37:00";"133";"Com vítima";"439,410";"BR-414/GO";"Crescente";"Colisão transversal";2;0;0;0;0;0;0;0;0;0;0;3;2;0;0
"12/04/2025";"18:43:00";"177";"Sem vítima";"722,000";"BR-153/TO";"Decrescente";"Colisão traseira";0;0;2;0;0;0;0;0;0;0;2;0;0;0;0
"12/04/2025";"20:06:00";"195";"Sem vítima";"708,000";"BR-153/TO";"Decrescente";"Choque";2;0;0;0;0;0;0;0;0;0;5;0;0;0;0
"13/04/2025";"00:55:00";"4";"Com vítima";"144,144";"BR-080/GO";"Decrescente";"Atropelamento de animal";1;0;0;0;0;0;0;0;0;0;4;0;0;0;0
"13/04/2025";"11:08:00";"85";"Sem vítima";"439,500";"BR-153/GO";"Crescente";"Choque";0;0;0;0;0;1;0;0;0;0;1;0;0;0;0
"13/04/2025";"15:27:00";"144";"Sem vítima";"706,400";"BR-153/TO";"Decrescente";"Colisão traseira";1;0;0;0;0;0;0;0;0;1;3;0;0;0;0
"13/04/2025";"22:51:00";"200";"Sem vítima";"434,055";"BR-153/GO";"Decrescente";"Saída de pista";1;0;0;0;0;0;0;0;0;0;1;0;0;0;0
"14/04/2025";"00:35:00";"5";"Com vítima";"206,880";"BR-153/GO";"Crescente";"Capotamento";1;0;0;0;0;0;0;0;0;0;1;4;0;0;0
"14/04/2025";"03:00:00";"14";"Sem vítima";"340,900";"BR-153/GO";"Decrescente";"Atropelamento de animal";0;0;0;0;1;0;0;0;0;0;39;0;0;0;0
"14/04/2025";"13:55:00";"106";"Sem vítima";"211,900";"BR-153/GO";"Decrescente";"Colisão traseira";2;0;0;0;0;0;0;0;0;0;5;0;0;0;0
"14/04/2025";"23:00:00";"190";"Sem vítima";"65,000";"BR-153/GO";"Decrescente";"Atropelamento de animal";1;0;0;0;0;0;0;0;0;0;1;0;0;0;0
"15/04/2025";"11:11:00";"92";"Sem vítima";"51,300";"BR-153/GO";"Decrescente";"Saída de pista";1;0;0;0;0;0;0;0;0;0;2;0;0;0;0
"15/04/2025";"11:58:00";"103";"Sem vítima";"132,000";"BR-153/GO";"Crescente";"Colisão lateral em sentido contrário";1;0;1;0;0;0;0;0;0;0;2;0;0;0;0
"15/04/2025";"14:38:00";"129";"Sem vítima";"284,700";"BR-153/GO";"Decrescente";"Saída de pista";1;0;0;0;0;0;0;0;0;0;1;0;0;0;0
"15/04/2025";"16:01:00";"137";"Sem vítima";"678,000";"BR-153/TO";"Decrescente";"Queda de bicicleta";0;1;0;0;0;0;0;0;0;0;0;0;0;0;0
"16/04/2025";"08:28:00";"74";"Sem vítima";"670,000";"BR-153/TO";"Decrescente";"Colisão traseira";0;0;0;0;1;0;0;0;0;1;4;0;0;0;0
"16/04/2025";"12:50:00";"113";"Sem vítima";"287,000";"BR-153/GO";"Crescente";"Saída de pista";1;0;0;0;0;0;0;0;0;0;1;0;0;0;0
"16/04/2025";"18:58:00";"196";"Sem vítima";"707,800";"BR-153/TO";"Decrescente";"Colisão traseira";1;0;0;0;0;0;0;0;0;1;5;0;0;0;0
"17/04/2025";"06:39:00";"34";"Sem vítima";"53,200";"BR-153/GO";"Crescente";"Saída de pista";0;0;0;0;0;1;0;0;0;0;1;0;0;0;0
"17/04/2025";"11:39:00";"91";"Sem vítima";"285,950";"BR-153/GO";"Crescente";"Colisão traseira";1;0;0;0;0;1;0;0;0;0;3;0;0;0;0
"17/04/2025";"15:06:00";"131";"Sem vítima";"364,000";"BR-414/GO";"Decrescente";"Colisão traseira";2;0;0;0;0;0;0;0;0;0;5;0;0;0;0
"17/04/2025";"18:00:00";"167";"Sem vítima";"168,500";"BR-153/GO";"Crescente";"Colisão traseira";0;0;1;0;0;1;0;0;0;0;2;0;0;0;0
"17/04/2025";"19:36:00";"187";"Sem vítima";"440,000";"BR-414/GO";"Crescente";"Colisão transversal";0;0;1;0;0;0;0;0;0;1;3;0;0;0;0
"18/04/2025";"13:04:00";"125";"Sem vítima";"133,003";"BR-080/GO";"Decrescente";"Saída de pista";0;0;0;0;0;1;0;0;0;1;2;0;0;0;0
"19/04/2025";"05:20:00";"18";"Sem vítima";"138,600";"BR-080/GO";"Decrescente";"Saída de pista";1;0;0;0;0;0;0;0;0;0;2;0;0;0;0
"19/04/2025";"06:57:00";"35";"Com vítima";"422,000";"BR-414/GO";"Decrescente";"Colisão frontal";1;0;0;0;0;0;0;0;0;1;2;0;4;1;1
"19/04/2025";"07:31:00";"40";"Sem vítima";"436,020";"BR-153/GO";"Crescente";"Queda de moto";0;0;0;1;0;0;0;0;0;0;1;0;0;0;0
"19/04/2025";"08:09:00";"54";"Sem vítima";"85,500";"BR-153/GO";"Decrescente";"Saída de pista";0;0;0;0;0;1;0;0;0;0;1;0;0;0;0
"19/04/2025";"15:27:00";"127";"Sem vítima";"640,000";"BR-153/TO";"Decrescente";"Colisão traseira";1;0;0;0;1;0;0;0;0;0;45;0;0;0;0
"19/04/2025";"19:10:00";"162";"Com vítima";"680,100";"BR-153/TO";"Crescente";"Colisão traseira";2;0;0;0;0;0;0;0;0;0;2;2;0;0;0
"19/04/2025";"22:52:00";"190";"Com vítima";"343,000";"BR-414/GO";"Crescente";"Atropelamento de animal";1;0;0;0;0;0;0;0;0;0;4;0;0;0;0
"20/04/2025";"01:47:00";"10";"Sem vítima";"309,100";"BR-153/GO";"Decrescente";"Tombamento";0;0;1;0;0;0;0;0;0;0;1;0;0;0;0
"20/04/2025";"05:41:00";"25";"Sem vítima";"29,526";"BR-153/GO";"Decrescente";"Colisão lateral em sentido contrário";0;0;0;0;0;2;0;0;0;0;3;0;0;0;0
"20/04/2025";"09:31:00";"57";"Sem vítima";"355,945";"BR-153/GO";"Crescente";"Colisão transversal";2;0;0;0;0;0;0;0;0;0;6;0;0;0;0
"20/04/2025";"10:14:00";"65";"Com vítima";"383,000";"BR-414/GO";"Crescente";"Colisão traseira";1;0;0;1;0;0;0;0;0;0;3;0;1;0;0
"20/04/2025";"10:22:00";"67";"Com vítima";"439,000";"BR-414/GO";"Crescente";"Colisão lateral no mesmo sentido";1;0;0;1;0;0;0;0;0;0;1;0;1;0;0
"20/04/2025";"15:42:00";"121";"Com vítima";"411,000";"BR-414/GO";"Crescente";"Atropelamento de pedestre";1;0;0;0;0;0;0;0;0;0;1;1;0;0;0
"20/04/2025";"22:29:00";"192";"Sem vítima";"370,500";"BR-153/GO";"Decrescente";"Saída de pista";1;0;0;0;0;0;0;0;0;0;3;0;0;0;0
"21/04/2025";"01:00:00";"7";"Com vítima";"320,600";"BR-153/GO";"Crescente";"Capotamento";0;0;0;0;0;0;0;0;0;1;0;1;0;0;0
"21/04/2025";"10:20:00";"75";"Sem vítima";"160,000";"BR-153/GO";"Decrescente";"Colisão lateral no mesmo sentido";1;0;0;0;0;1;0;0;0;0;3;0;0;0;0
"21/04/2025";"16:14:00";"166";"Com vítima";"364,000";"BR-153/GO";"Crescente";"Engavetamento";3;0;0;0;0;0;0;0;0;0;3;1;0;0;0
"21/04/2025";"17:36:00";"194";"Sem vítima";"360,000";"BR-153/GO";"Decrescente";"Colisão traseira";1;0;0;0;0;1;0;0;0;0;6;0;0;0;0
"21/04/2025";"17:47:00";"196";"Sem vítima";"428,000";"BR-153/GO";"Decrescente";"Choque";1;0;0;0;0;0;0;0;0;0;2;0;0;0;0
"21/04/2025";"18:16:00";"205";"Com vítima";"356,500";"BR-153/GO";"Decrescente";"Engavetamento";2;0;0;0;0;1;0;0;0;0;2;1;0;0;0
"21/04/2025";"21:08:00";"237";"Com vítima";"156,980";"BR-153/GO";"Crescente";"Queda de moto";0;0;0;1;0;0;0;0;0;0;1;1;0;0;0
"21/04/2025";"21:08:00";"238";"Com vítima";"101,500";"BR-080/GO";"Crescente";"Colisão traseira";0;0;0;1;0;0;0;0;0;1;2;0;1;0;0
"21/04/2025";"21:27:00";"239";"Com vítima";"685,300";"BR-153/TO";"Crescente";"Queda de moto";0;0;0;1;0;0;0;0;0;0;1;1;0;0;0
"22/04/2025";"00:29:00";"6";"Sem vítima";"298,600";"BR-153/GO";"Decrescente";"Saída de pista";1;0;0;0;0;0;0;0;0;0;1;0;0;0;0
"22/04/2025";"13:41:00";"126";"Com vítima";"440,100";"BR-414/GO";"Decrescente";"Colisão lateral no mesmo sentido";0;0;1;1;0;0;0;0;0;0;1;1;0;0;0
"22/04/2025";"18:38:00";"172";"Sem vítima";"437,000";"BR-153/GO";"Decrescente";"Colisão lateral no mesmo sentido";1;0;0;0;0;1;0;0;0;0;2;0;0;0;0
"23/04/2025";"12:05:00";"111";"Com vítima";"703,000";"BR-153/TO";"Decrescente";"Colisão traseira";0;0;0;1;1;0;0;0;0;0;1;1;0;0;0
"23/04/2025";"19:28:00";"184";"Com vítima";"750,837";"BR-153/TO";"Decrescente";"Colisão transversal";1;0;0;0;0;1;0;0;0;0;1;1;0;0;0
"24/04/2025";"06:58:00";"30";"Com vítima";"136,300";"BR-080/GO";"Decrescente";"Capotamento";1;0;0;0;0;0;0;0;0;0;0;2;0;0;0
"24/04/2025";"09:37:00";"58";"Sem vítima";"172,000";"BR-153/GO";"Crescente";"Colisão traseira";0;0;0;0;0;2;0;0;0;0;2;0;0;0;0
"24/04/2025";"16:56:00";"115";"Com vítima";"669,000";"BR-153/TO";"Crescente";"Atropelamento de animal";1;0;0;0;0;0;0;0;0;0;4;0;0;0;0
"24/04/2025";"17:23:00";"122";"Com vítima";"375,000";"BR-153/GO";"Decrescente";"Choque";0;0;0;1;0;0;0;0;0;0;0;1;0;0;0
"25/04/2025";"05:19:00";"24";"Sem vítima";"51,050";"BR-153/GO";"Crescente";"Atropelamento de animal";0;0;0;0;0;0;0;0;0;1;1;0;0;0;0
"25/04/2025";"09:51:00";"72";"Sem vítima";"8,850";"BR-153/GO";"Crescente";"Saída de pista";0;0;0;0;0;0;0;0;0;1;5;0;0;0;0
"25/04/2025";"10:42:00";"80";"Sem vítima";"350,900";"BR-153/GO";"Crescente";"Colisão traseira";0;0;0;0;0;2;0;0;0;0;2;0;0;0;0
"25/04/2025";"11:56:00";"93";"Sem vítima";"223,270";"BR-153/GO";"Decrescente";"Saída de pista";0;0;0;0;0;0;0;0;0;1;2;0;0;0;0
"25/04/2025";"13:32:00";"104";"Sem vítima";"433,000";"BR-153/GO";"Crescente";"Choque";1;0;0;0;0;0;0;0;0;0;1;0;0;0;0
"25/04/2025";"17:26:00";"153";"Sem vítima";"403,000";"BR-414/GO";"Decrescente";"Saída de pista";1;0;0;0;0;0;0;0;0;0;4;0;0;0;0
"25/04/2025";"21:15:00";"181";"Com vítima";"382,180";"BR-414/GO";"Crescente";"Colisão frontal";2;0;0;0;0;0;0;0;0;0;0;0;3;1;2
"26/04/2025";"07:33:00";"52";"Sem vítima";"131,000";"BR-153/GO";"Decrescente";"Colisão traseira";0;0;1;0;0;1;0;0;0;0;3;0;0;0;0
"26/04/2025";"10:54:00";"95";"Sem vítima";"155,200";"BR-153/GO";"Crescente";"Atropelamento de animal";1;0;0;0;0;0;0;0;0;0;2;0;0;0;0
"26/04/2025";"13:49:00";"129";"Com vítima";"439,300";"BR-153/GO";"Crescente";"Colisão traseira";2;0;0;1;0;0;0;0;0;0;3;0;1;0;0
"26/04/2025";"19:05:00";"189";"Com vítima";"679,607";"BR-153/TO";"Crescente";"Tombamento";0;0;1;0;0;1;0;0;0;0;1;0;1;0;0
"26/04/2025";"19:19:00";"191";"Sem vítima";"170,985";"BR-153/GO";"Decrescente";"Saída de pista";1;0;0;0;0;0;0;0;0;0;1;0;0;0;0
"26/04/2025";"19:27:00";"192";"Sem vítima";"763,900";"BR-153/TO";"Crescente";"Colisão lateral em sentido contrário";1;0;1;0;0;0;0;0;0;0;2;0;0;0;0
"26/04/2025";"21:32:00";"207";"Sem vítima";"346,740";"BR-153/GO";"Decrescente";"Atropelamento de animal";1;0;0;0;0;0;0;0;0;0;3;0;0;0;0
"27/04/2025";"10:39:00";"88";"Sem vítima";"67,000";"BR-153/GO";"Crescente";"Engavetamento";1;0;0;0;0;2;0;0;0;0;5;0;0;0;0
"27/04/2025";"12:21:00";"108";"Com vítima";"676,400";"BR-153/TO";"Decrescente";"Tombamento";0;0;0;0;0;1;0;0;0;0;1;0;0;0;0
"27/04/2025";"22:10:00";"197";"Sem vítima";"692,139";"BR-153/TO";"Decrescente";"Atropelamento de animal";1;0;0;0;0;0;0;0;0;0;3;0;0;0;0
"28/04/2025";"12:00:00";"98";"Sem vítima";"63,500";"BR-153/GO";"Decrescente";"Tombamento";0;0;0;0;0;1;0;0;0;0;1;0;0;0;0
"28/04/2025";"14:56:00";"122";"Sem vítima";"743,200";"BR-153/TO";"Crescente";"Tombamento";1;0;0;0;0;0;0;0;0;0;1;0;0;0;0
"28/04/2025";"20:23:00";"170";"Com vítima";"174,040";"BR-153/GO";"Crescente";"Colisão transversal";2;0;0;0;0;0;0;0;0;0;3;0;1;0;0
"29/04/2025";"04:23:00";"15";"Sem vítima";"321,330";"BR-153/GO";"Decrescente";"Saída de pista";0;0;0;0;0;0;0;0;0;1;1;0;0;0;0
"29/04/2025";"06:01:00";"31";"Com vítima";"123,500";"BR-080/GO";"Crescente";"Colisão transversal";0;0;0;0;0;1;0;0;0;1;2;0;1;2;0
"29/04/2025";"06:29:00";"33";"Com vítima";"109,500";"BR-153/GO";"Crescente";"Queda de moto";0;0;0;1;0;0;0;0;0;0;0;2;0;0;0
"29/04/2025";"08:32:00";"52";"Sem vítima";"356,250";"BR-153/GO";"Crescente";"Colisão transversal";0;0;0;0;0;0;0;0;0;2;4;0;0;0;0
"29/04/2025";"17:26:00";"152";"Sem vítima";"406,700";"BR-414/GO";"Crescente";"Saída de pista";0;0;0;0;0;1;0;0;0;1;3;0;0;0;0
"29/04/2025";"21:53:00";"180";"Com vítima";"741,500";"BR-153/TO";"Decrescente";"Atropelamento de animal";1;0;0;0;0;0;0;0;0;0;2;0;0;0;0
"30/04/2025";"05:26:00";"23";"Sem vítima";"342,000";"BR-153/GO";"Decrescente";"Saída de pista";1;0;0;0;0;0;0;0;0;0;1;0;0;0;0
"30/04/2025";"10:01:00";"75";"Com vítima";"437,000";"BR-153/GO";"Decrescente";"Colisão traseira";1;0;0;1;0;0;0;0;0;0;1;1;0;0;0
"30/04/2025";"12:51:00";"99";"Sem vítima";"182,000";"BR-153/GO";"Decrescente";"Colisão traseira";1;0;1;0;0;0;0;0;0;0;6;0;0;0;0
"30/04/2025";"18:11:00";"158";"Sem vítima";"403,000";"BR-153/GO";"Crescente";"Queda de moto";0;0;0;1;0;0;0;0;0;0;2;0;0;0;0
"30/04/2025";"19:49:00";"175";"Sem vítima";"421,700";"BR-153/GO";"Decrescente";"Choque";0;0;0;0;0;0;0;0;0;2;7;0;0;0;0
"02/05/2025";"12:22:00";"102";"Sem vítima";"349,900";"BR-153/GO";"Crescente";"Engavetamento";0;0;0;0;0;3;0;0;0;0;3;0;0;0;0
"02/05/2025";"14:52:00";"113";"Sem vítima";"184,000";"BR-153/GO";"Decrescente";"Colisão traseira";1;0;0;0;0;0;0;0;0;1;6;0;0;0;0
"02/05/2025";"15:37:00";"122";"Com vítima";"173,400";"BR-153/GO";"Crescente";"Colisão transversal";0;0;0;1;0;0;0;0;0;1;2;1;0;0;0
"02/05/2025";"19:34:00";"166";"Sem vítima";"440,001";"BR-414/GO";"Crescente";"Colisão traseira";0;0;0;1;0;1;0;0;0;0;3;0;0;0;0
"03/05/2025";"06:42:00";"27";"Sem vítima";"258,500";"BR-153/GO";"Decrescente";"Saída de pista";1;0;0;0;0;0;0;0;0;0;1;0;0;0;0
"03/05/2025";"13:21:00";"88";"Sem vítima";"252,000";"BR-153/GO";"Crescente";"Saída de pista";1;0;0;0;0;0;0;0;0;0;3;0;0;0;0
"03/05/2025";"19:26:00";"148";"Sem vítima";"211,000";"BR-153/GO";"Crescente";"Saída de pista";1;0;0;0;0;0;0;0;0;0;2;0;0;0;0
"04/05/2025";"16:08:00";"151";"Sem vítima";"727,337";"BR-153/TO";"Crescente";"Saída de pista";1;0;0;0;0;0;0;0;0;0;3;0;0;0;0
"04/05/2025";"19:09:00";"186";"Sem vítima";"374,000";"BR-414/GO";"Crescente";"Atropelamento de animal";0;0;0;0;0;0;0;0;0;1;4;0;0;0;0
"04/05/2025";"21:07:00";"198";"Com vítima";"437,000";"BR-153/GO";"Crescente";"Saída de pista";0;0;0;1;0;0;0;0;0;0;0;1;0;0;0
"04/05/2025";"23:53:00";"209";"Sem vítima";"419,100";"BR-153/GO";"Crescente";"Atropelamento de animal";0;0;0;0;0;0;0;0;0;1;1;0;0;0;0
"05/05/2025";"10:02:00";"77";"Com vítima";"357,647";"BR-414/GO";"Decrescente";"Colisão frontal";1;0;0;0;0;1;0;0;0;0;0;1;0;0;1
"05/05/2025";"16:08:00";"130";"Sem vítima";"129,000";"BR-153/GO";"Crescente";"Saída de pista";0;0;0;0;0;1;0;0;0;0;1;0;0;0;0
"05/05/2025";"18:56:00";"159";"Sem vítima";"200,050";"BR-153/GO";"Crescente";"Colisão transversal";2;0;0;0;0;0;0;0;0;0;2;0;0;0;0