data;horario;n_da_ocorrencia;tipo_de_ocorrencia;km;trecho;sentido;tipo_de_acidente;automovel;bicicleta;caminhao;moto;onibus;outros;tracao_animal;transporte_de_cargas_especiais;trator_maquinas;utilitarios;ilesos;levemente_feridos;moderadamente_feridos;gravemente_feridos;mortos
"06/05/2025";"04:41:00";"17";"Sem vítima";"284,754";"BR-153/GO";"Crescente";"Choque";1;0;0;0;0;0;0;0;0;0;3;0;0;0;0
"06/05/2025";"18:09:00";"148";"Com vítima";"340,391";"BR-153/GO";"Decrescente";"Saída de pista";0;0;0;0;0;1;0;0;0;0;0;0;1;0;0
"06/05/2025";"18:25:00";"150";"Sem vítima";"197,950";"BR-153/GO";"Decrescente";"Colisão transversal";1;0;0;0;0;0;0;0;0;1;3;0;0;0;0
"07/05/2025";"09:31:00";"58";"Com vítima";"290,300";"BR-153/GO";"Decrescente";"Capotamento";1;0;0;0;0;1;0;0;0;0;2;0;2;0;0
"08/05/2025";"07:55:00";"46";"Com vítima";"438,500";"BR-153/GO";"Crescente";"Colisão lateral no mesmo sentido";1;0;0;1;0;0;0;0;0;0;1;1;0;0;0
"08/05/2025";"08:25:00";"51";"Com vítima";"654,900";"BR-153/TO";"Decrescente";"Queda de moto";0;0;0;1;0;0;0;0;0;0;0;0;1;0;0
"08/05/2025";"10:27:00";"79";"Com vítima";"303,500";"BR-414/GO";"Decrescente";"Queda de moto";0;0;0;1;0;0;0;0;0;0;0;0;1;0;0
"08/05/2025";"11:50:00";"96";"Sem vítima";"107,800";"BR-153/GO";"Crescente";"Colisão lateral em sentido contrário";0;0;0;0;0;1;0;0;0;1;2;0;0;0;0
"08/05/2025";"13:56:00";"114";"Com vítima";"437,000";"BR-153/GO";"Decrescente";"Queda de moto";0;0;0;2;0;0;0;0;0;0;1;0;1;0;0
"08/05/2025";"19:21:00";"173";"Sem vítima";"24,300";"BR-153/GO";"Crescente";"Colisão transversal";1;0;0;0;0;1;0;0;0;0;2;0;0;0;0
"09/05/2025";"07:36:00";"53";"Sem vítima";"438,000";"BR-153/GO";"Crescente";"Colisão traseira";2;0;0;0;0;0;0;0;0;0;3;0;0;0;0
"09/05/2025";"12:31:00";"134";"Sem vítima";"640,000";"BR-153/TO";"Crescente";"Colisão traseira";1;0;0;0;0;1;0;0;0;0;6;0;0;0;0
"09/05/2025";"19:07:00";"195";"Com vítima";"315,100";"BR-414/GO";"Crescente";"Atropelamento de animal";1;0;0;0;0;0;0;0;0;0;5;0;0;0;0
"09/05/2025";"19:32:00";"201";"Sem vítima";"278,400";"BR-153/GO";"Decrescente";"Atropelamento de animal";1;0;0;0;0;0;0;0;0;0;1;0;0;0;0
"09/05/2025";"20:28:00";"209";"Sem vítima";"395,500";"BR-153/GO";"Decrescente";"Colisão traseira";1;0;0;0;0;0;0;0;0;1;2;0;0;0;0
"09/05/2025";"20:47:00";"212";"Sem vítima";"668,510";"BR-153/TO";"Decrescente";"Colisão transversal";2;0;0;0;0;0;0;0;0;0;2;0;0;0;0
"09/05/2025";"23:15:00";"229";"Com vítima";"308,241";"BR-414/GO";"Decrescente";"Atropelamento de animal";1;0;0;0;0;0;0;0;0;0;1;0;0;0;0
"10/05/2025";"02:42:00";"12";"Com vítima";"425,613";"BR-153/GO";"Crescente";"Saída de pista";1;0;0;0;0;0;0;0;0;0;1;1;0;0;0
"10/05/2025";"04:22:00";"23";"Sem vítima";"437,500";"BR-153/GO";"Crescente";"Queda de moto";1;0;0;0;0;0;0;0;0;0;2;0;0;0;0
"10/05/2025";"19:34:00";"174";"Sem vítima";"410,275";"BR-414/GO";"Decrescente";"Colisão transversal";1;0;0;0;0;1;0;0;0;0;4;0;0;0;0
"10/05/2025";"21:10:00";"180";"Sem vítima";"297,950";"BR-153/GO";"Crescente";"Colisão transversal";1;0;0;0;0;1;0;0;0;0;3;0;0;0;0
"11/05/2025";"01:40:00";"7";"Com vítima";"432,355";"BR-153/GO";"Crescente";"Colisão traseira";1;0;0;0;0;0;0;0;0;1;3;0;1;0;0
"11/05/2025";"08:49:00";"59";"Sem vítima";"290,462";"BR-153/GO";"Decrescente";"Colisão traseira";0;0;0;0;0;2;0;0;0;0;2;0;0;0;0
"11/05/2025";"20:49:00";"176";"Com vítima";"389,400";"BR-414/GO";"Crescente";"Colisão frontal";1;0;0;0;0;1;0;0;0;0;1;0;0;0;1
"11/05/2025";"20:59:00";"178";"Sem vítima";"365,000";"BR-414/GO";"Crescente";"Saída de pista";1;0;0;0;0;0;0;0;0;0;2;0;0;0;0
"12/05/2025";"05:14:00";"18";"Sem vítima";"434,000";"BR-153/GO";"Crescente";"Saída de pista";1;0;0;0;0;0;0;0;0;0;1;0;0;0;0
"12/05/2025";"10:01:00";"83";"Sem vítima";"242,900";"BR-153/GO";"Decrescente";"Colisão transversal";1;0;0;0;0;0;0;0;0;1;2;0;0;0;0
"12/05/2025";"13:01:00";"125";"Com vítima";"418,000";"BR-414/GO";"Decrescente";"Colisão frontal";3;0;0;0;0;1;0;0;0;0;6;0;1;1;0
"12/05/2025";"13:36:00";"129";"Sem vítima";"173,562";"BR-153/GO";"Crescente";"Tombamento";0;0;1;0;0;0;0;0;0;0;1;0;0;0;0
"12/05/2025";"15:24:00";"144";"Sem vítima";"199,700";"BR-153/GO";"Decrescente";"Engavetamento";1;0;0;0;0;1;0;0;0;1;6;0;0;0;0
"12/05/2025";"17:32:00";"166";"Sem vítima";"283,800";"BR-153/GO";"Decrescente";"Colisão traseira";0;0;0;1;0;1;0;0;0;0;2;0;0;0;0
"12/05/2025";"17:48:00";"169";"Com vítima";"436,700";"BR-414/GO";"Decrescente";"Colisão lateral em sentido contrário";2;0;0;0;0;0;0;0;0;0;0;2;0;0;0
"13/05/2025";"05:37:00";"33";"Com vítima";"364,487";"BR-153/GO";"Decrescente";"Colisão frontal";1;0;0;0;0;0;0;0;0;1;3;0;0;0;1
"13/05/2025";"11:47:00";"95";"Sem vítima";"356,500";"BR-414/GO";"Crescente";"Saída de pista";1;0;0;0;0;0;0;0;0;0;1;0;0;0;0
"13/05/2025";"13:55:00";"108";"Sem vítima";"374,000";"BR-153/GO";"Decrescente";"Engavetamento";2;0;0;0;0;1;0;0;0;0;3;0;0;0;0
"13/05/2025";"14:29:00";"112";"Sem vítima";"721,000";"BR-153/TO";"Crescente";"Colisão lateral em sentido contrário";0;0;1;0;0;1;0;0;0;0;2;0;0;0;0
"13/05/2025";"17:06:00";"143";"Com vítima";"435,000";"BR-414/GO";"Decrescente";"Colisão transversal";0;0;1;1;0;0;0;0;0;0;2;1;1;0;0
"13/05/2025";"20:06:00";"166";"Sem vítima";"624,572";"BR-153/TO";"Crescente";"Atropelamento de ciclista";0;1;0;0;0;1;0;0;0;0;1;0;0;0;0
"13/05/2025";"22:01:00";"178";"Com vítima";"246,541";"BR-153/GO";"Decrescente";"Atropelamento de ciclista";0;1;1;0;0;0;0;0;0;0;1;0;0;0;0
"14/05/2025";"08:36:00";"49";"Sem vítima";"166,000";"BR-153/GO";"Decrescente";"Colisão lateral no mesmo sentido";0;0;0;0;0;1;0;0;0;1;6;0;0;0;0
"14/05/2025";"12:51:00";"106";"Sem vítima";"95,400";"BR-153/GO";"Decrescente";"Saída de pista";0;0;0;0;0;1;0;0;0;1;2;0;0;0;0
"14/05/2025";"16:15:00";"135";"Sem vítima";"289,000";"BR-153/GO";"Crescente";"Colisão traseira";1;0;0;0;0;0;0;0;0;0;1;0;0;0;0
"14/05/2025";"19:47:00";"180";"Com vítima";"217,985";"BR-153/GO";"Crescente";"Atropelamento de animal";0;0;0;0;0;0;0;0;0;1;11;1;0;0;0
"14/05/2025";"20:00:00";"183";"Com vítima";"215,985";"BR-153/GO";"Decrescente";"Atropelamento de animal";1;0;0;0;0;0;0;0;0;0;1;0;0;0;0
"15/05/2025";"03:42:00";"14";"Sem vítima";"648,300";"BR-153/TO";"Crescente";"Atropelamento de animal";1;0;0;0;0;0;0;0;0;0;1;0;0;0;0
"15/05/2025";"03:56:00";"16";"Sem vítima";"441,300";"BR-153/GO";"Decrescente";"Saída de pista";1;0;0;0;0;0;0;0;0;0;2;0;0;0;0
"15/05/2025";"10:16:00";"77";"Sem vítima";"278,200";"BR-153/GO";"Crescente";"Colisão lateral no mesmo sentido";1;0;0;0;0;1;0;0;0;0;3;0;0;0;0
"15/05/2025";"11:56:00";"90";"Sem vítima";"412,000";"BR-153/GO";"Crescente";"Colisão lateral no mesmo sentido";0;0;1;0;0;1;0;0;0;0;2;0;0;0;0
"15/05/2025";"17:10:00";"140";"Com vítima";"439,500";"BR-414/GO";"Decrescente";"Colisão frontal";1;0;0;1;0;0;0;0;0;0;1;1;0;0;0
"15/05/2025";"19:07:00";"159";"Com vítima";"694,900";"BR-153/TO";"Crescente";"Colisão transversal";1;0;0;0;0;1;0;0;0;0;1;0;0;1;0
"16/05/2025";"08:39:00";"49";"Sem vítima";"354,000";"BR-153/GO";"Crescente";"Colisão traseira";2;0;0;0;0;0;0;0;0;0;6;0;0;0;0
"16/05/2025";"09:37:00";"59";"Sem vítima";"336,000";"BR-153/GO";"Decrescente";"Colisão lateral no mesmo sentido";1;0;0;0;0;1;0;0;0;0;3;0;0;0;0
"16/05/2025";"10:17:00";"66";"Com vítima";"440,100";"BR-414/GO";"Crescente";"Atropelamento de animal";0;0;0;1;0;0;0;0;0;0;1;0;1;0;0
"16/05/2025";"10:25:00";"69";"Sem vítima";"437,000";"BR-153/GO";"Crescente";"Engavetamento";1;0;0;0;0;0;0;0;0;2;4;0;0;0;0
"16/05/2025";"20:04:00";"174";"Com vítima";"87,500";"BR-153/GO";"Decrescente";"Queda de moto";0;0;0;1;0;0;0;0;0;0;0;0;1;0;0
"16/05/2025";"21:12:00";"180";"Sem vítima";"280,400";"BR-153/GO";"Crescente";"Colisão traseira";1;0;1;0;0;0;0;0;0;0;4;0;0;0;0
"17/05/2025";"03:57:00";"13";"Sem vítima";"335,600";"BR-153/GO";"Decrescente";"Saída de pista";0;0;0;0;0;1;0;0;0;0;1;0;0;0;0
"17/05/2025";"09:27:00";"61";"Com vítima";"184,900";"BR-153/GO";"Decrescente";"Colisão transversal";0;0;0;1;1;0;0;0;0;0;51;2;0;0;2
"17/05/2025";"18:55:00";"162";"Com vítima";"302,100";"BR-414/GO";"Decrescente";"Capotamento";1;0;0;0;0;0;0;0;0;0;0;0;0;1;0
"17/05/2025";"20:07:00";"170";"Sem vítima";"126,545";"BR-080/GO";"Crescente";"Saída de pista";0;0;0;0;0;0;0;0;0;1;2;0;0;0;0
"18/05/2025";"05:49:00";"42";"Sem vítima";"800,500";"BR-153/TO";"Crescente";"Saída de pista";0;0;0;0;0;0;0;0;0;1;2;0;0;0;0
"18/05/2025";"11:05:00";"98";"Sem vítima";"145,000";"BR-153/GO";"Crescente";"Saída de pista";0;0;0;0;0;1;0;0;0;0;1;0;0;0;0
"18/05/2025";"11:50:00";"109";"Sem vítima";"203,000";"BR-153/GO";"Decrescente";"Colisão traseira";0;0;0;0;0;0;0;0;0;2;6;0;0;0;0
"18/05/2025";"13:29:00";"128";"Sem vítima";"343,800";"BR-414/GO";"Decrescente";"Saída de pista";1;0;0;0;0;0;0;0;0;0;4;0;0;0;0
"18/05/2025";"19:50:00";"210";"Sem vítima";"211,000";"BR-153/GO";"Decrescente";"Colisão transversal";0;0;0;0;0;2;0;0;0;0;2;0;0;0;0
"18/05/2025";"20:05:00";"215";"Com vítima";"692,800";"BR-153/TO";"Decrescente";"Atropelamento de animal";1;0;0;0;0;0;0;0;0;0;1;0;0;0;0
"19/05/2025";"12:40:00";"108";"Sem vítima";"199,000";"BR-153/GO";"Decrescente";"Colisão lateral no mesmo sentido";1;0;0;0;0;1;0;0;0;0;4;0;0;0;0
"19/05/2025";"14:43:00";"127";"Com vítima";"302,900";"BR-153/GO";"Decrescente";"Colisão transversal";0;0;0;0;0;1;0;0;0;1;1;0;0;0;2
"19/05/2025";"14:49:00";"128";"Sem vítima";"285,400";"BR-153/GO";"Decrescente";"Colisão traseira";0;0;0;0;0;1;0;0;0;1;3;0;0;0;0
"19/05/2025";"19:24:00";"172";"Com vítima";"681,568";"BR-153/TO";"Decrescente";"Colisão traseira";1;0;0;1;0;1;0;0;0;0;3;0;0;0;1
"19/05/2025";"20:15:00";"178";"Com vítima";"329,780";"BR-153/GO";"Decrescente";"Colisão lateral em sentido contrário";1;0;1;0;0;0;0;0;0;0;2;1;0;0;0
"20/05/2025";"10:42:00";"77";"Sem vítima";"297,500";"BR-153/GO";"Crescente";"Colisão traseira";0;0;0;0;0;1;0;0;0;1;2;0;0;0;0
"20/05/2025";"17:12:00";"139";"Com vítima";"441,000";"BR-153/GO";"Decrescente";"Colisão traseira";0;0;0;1;0;1;0;0;0;0;1;0;1;0;0
"20/05/2025";"18:40:00";"149";"Sem vítima";"200,000";"BR-153/GO";"Crescente";"Colisão traseira";1;0;0;1;0;0;0;0;0;0;3;0;0;0;0
"20/05/2025";"21:17:00";"171";"Sem vítima";"394,380";"BR-414/GO";"Crescente";"Colisão traseira";2;0;0;0;0;0;0;0;0;0;2;0;0;0;0
"21/05/2025";"06:57:00";"34";"Sem vítima";"664,328";"BR-153/TO";"Crescente";"Saída de pista";0;0;0;0;0;1;0;0;0;0;4;0;0;0;0
"22/05/2025";"06:57:00";"39";"Sem vítima";"174,300";"BR-153/GO";"Decrescente";"Saída de pista";0;0;0;0;0;1;0;0;0;0;1;0;0;0;0
"22/05/2025";"08:35:00";"61";"Com vítima";"284,299";"BR-153/GO";"Crescente";"Colisão traseira";0;0;1;1;0;0;0;0;0;0;1;1;0;0;0
"22/05/2025";"13:39:00";"131";"Com vítima";"268,000";"BR-153/GO";"Decrescente";"Queda de moto";0;0;0;1;0;0;0;0;0;0;0;0;1;1;0
"22/05/2025";"19:59:00";"209";"Sem vítima";"662,800";"BR-153/TO";"Decrescente";"Colisão lateral no mesmo sentido";0;0;0;0;0;1;0;0;0;1;2;0;0;0;0
"22/05/2025";"23:33:00";"231";"Sem vítima";"322,850";"BR-414/GO";"Decrescente";"Atropelamento de animal";1;0;0;0;0;0;0;0;0;0;4;0;0;0;0
"23/05/2025";"14:44:00";"152";"Sem vítima";"417,200";"BR-414/GO";"Crescente";"Saída de pista";0;0;1;0;0;0;0;0;0;0;2;0;0;0;0
"23/05/2025";"23:16:00";"236";"Com vítima";"440,223";"BR-414/GO";"Crescente";"Colisão frontal";2;0;0;0;0;0;0;0;0;0;1;0;1;0;0
"24/05/2025";"10:05:00";"90";"Sem vítima";"442,000";"BR-153/GO";"Decrescente";"Colisão lateral no mesmo sentido";0;0;1;0;0;0;0;0;0;1;2;0;0;0;0
"24/05/2025";"19:24:00";"203";"Sem vítima";"125,000";"BR-080/GO";"Crescente";"Saída de pista";1;0;0;0;0;0;0;0;0;0;2;0;0;0;0
"24/05/2025";"20:28:00";"216";"Sem vítima";"442,880";"BR-153/GO";"Crescente";"Colisão lateral no mesmo sentido";2;0;0;0;0;0;0;0;0;0;9;0;0;0;0
"25/05/2025";"14:18:00";"120";"Com vítima";"129,000";"BR-153/GO";"Crescente";"Colisão traseira";1;0;0;0;1;0;0;0;0;0;22;0;3;0;0
"25/05/2025";"20:10:00";"185";"Com vítima";"424,000";"BR-414/GO";"Crescente";"Colisão frontal";2;0;0;0;0;0;0;0;0;0;0;7;1;0;0
"26/05/2025";"06:52:00";"34";"Com vítima";"377,000";"BR-414/GO";"Decrescente";"Colisão lateral no mesmo sentido";0;0;0;1;0;0;0;0;0;1;1;1;0;0;0
"26/05/2025";"11:41:00";"99";"Sem vítima";"429,000";"BR-414/GO";"Crescente";"Saída de pista";1;0;0;0;0;0;0;0;0;0;3;0;0;0;0
"26/05/2025";"18:32:00";"170";"Sem vítima";"291,776";"BR-153/GO";"Decrescente";"Colisão traseira";2;0;0;0;0;1;0;0;0;0;5;0;0;0;0
"26/05/2025";"19:15:00";"178";"Sem vítima";"650,294";"BR-153/TO";"Decrescente";"Choque";1;0;0;0;0;0;0;0;0;0;2;0;0;0;0
"27/05/2025";"04:10:00";"20";"Com vítima";"143,785";"BR-153/GO";"Crescente";"Saída de pista";1;0;0;0;0;0;0;0;0;0;0;0;1;2;1
"27/05/2025";"07:45:00";"52";"Sem vítima";"263,000";"BR-153/GO";"Decrescente";"Colisão traseira";1;0;0;0;0;0;0;0;0;1;4;0;0;0;0
"28/05/2025";"03:20:00";"10";"Com vítima";"374,606";"BR-414/GO";"Crescente";"Atropelamento de pedestre";1;0;0;0;0;0;0;0;0;0;0;1;0;0;1
"28/05/2025";"06:51:00";"24";"Com vítima";"628,100";"BR-153/TO";"Crescente";"Tombamento";0;0;0;0;0;1;0;0;0;0;0;1;0;0;0
"28/05/2025";"19:26:00";"172";"Com vítima";"417,259";"BR-153/GO";"Decrescente";"Atropelamento de animal";1;0;0;0;0;0;0;0;0;0;4;0;0;0;0
"28/05/2025";"20:48:00";"182";"Com vítima";"627,812";"BR-153/TO";"Crescente";"Atropelamento de animal";1;0;0;0;0;0;0;0;0;0;0;0;1;0;0
"29/05/2025";"16:08:00";"156";"Com vítima";"392,000";"BR-414/GO";"Decrescente";"Colisão transversal";1;0;0;0;0;0;0;0;0;1;2;0;0;1;0
"30/05/2025";"08:25:00";"62";"Sem vítima";"12,452";"BR-153/GO";"Decrescente";"Saída de pista";0;0;0;0;0;1;0;0;0;0;1;0;0;0;0
"30/05/2025";"20:43:00";"191";"Com vítima";"268,792";"BR-153/GO";"Decrescente";"Atropelamento de animal";1;0;0;0;0;0;0;0;0;0;1;0;0;0;0
"30/05/2025";"23:31:00";"217";"Com vítima";"393,961";"BR-153/GO";"Crescente";"Atropelamento de animal";1;0;0;0;0;0;0;0;0;0;1;0;0;0;0
"31/05/2025";"13:21:00";"104";"Com vítima";"439,170";"BR-153/GO";"Crescente";"Choque";0;0;0;1;0;0;0;0;0;0;0;0;0;1;0
"31/05/2025";"19:34:00";"159";"Sem vítima";"207,700";"BR-153/GO";"Decrescente";"Colisão lateral em sentido contrário";1;0;1;0;0;0;0;0;0;0;5;0;0;0;0
"01/06/2025";"18:37:00";"176";"Com vítima";"133,900";"BR-080/GO";"Decrescente";"Colisão traseira";1;0;0;0;0;0;0;0;0;0;3;1;0;0;0
"01/06/2025";"21:31:00";"201";"Sem vítima";"304,500";"BR-414/GO";"Crescente";"Saída de pista";1;0;0;0;0;0;0;0;0;0;3;0;0;0;0
"02/06/2025";"10:54:00";"85";"Sem vítima";"351,000";"BR-153/GO";"Crescente";"Saída de pista";0;0;0;0;0;0;0;0;0;1;1;0;0;0;0
"03/06/2025";"05:40:00";"25";"Com vítima";"645,500";"BR-153/TO";"Decrescente";"Tombamento";0;0;0;0;0;1;0;0;0;0;0;0;1;0;0
"03/06/2025";"09:33:00";"73";"Com vítima";"436,000";"BR-153/GO";"Crescente";"Saída de pista";1;0;0;0;0;0;0;0;0;0;0;0;1;0;0
"03/06/2025";"12:37:00";"110";"Com vítima";"637,300";"BR-153/TO";"Crescente";"Tombamento";0;0;0;0;0;1;0;0;0;0;0;1;0;0;0
"03/06/2025";"22:32:00";"202";"Com vítima";"696,900";"BR-153/TO";"Crescente";"Tombamento";0;0;1;0;0;1;0;0;0;0;1;1;0;0;0
"04/06/2025";"06:25:00";"34";"Sem vítima";"207,500";"BR-153/GO";"Decrescente";"Saída de pista";1;0;0;0;0;0;0;0;0;0;3;0;0;0;0
"04/06/2025";"09:24:00";"66";"Sem vítima";"78,200";"BR-153/GO";"Crescente";"Colisão lateral no mesmo sentido";0;0;0;0;0;1;0;0;0;1;3;0;0;0;0
"04/06/2025";"13:14:00";"111";"Sem vítima";"304,100";"BR-153/GO";"Decrescente";"Colisão traseira";1;0;1;0;0;0;0;0;0;0;2;0;0;0;0
"04/06/2025";"16:05:00";"146";"Sem vítima";"440,000";"BR-414/GO";"Decrescente";"Colisão traseira";2;0;0;0;0;0;0;0;0;0;3;0;0;0;0
"04/06/2025";"16:29:00";"150";"Sem vítima";"364,861";"BR-414/GO";"Decrescente";"Saída de pista";0;0;0;0;0;1;0;0;0;0;3;0;0;0;0
"04/06/2025";"17:20:00";"157";"Com vítima";"442,000";"BR-153/GO";"Crescente";"Queda de moto";0;0;0;1;0;0;0;0;0;0;0;0;0;1;0
"04/06/2025";"23:03:00";"197";"Sem vítima";"271,000";"BR-153/GO";"Decrescente";"Colisão lateral no mesmo sentido";1;0;0;0;0;1;0;0;0;0;2;0;0;0;0
"05/06/2025";"02:07:00";"8";"Com vítima";"136,771";"BR-153/GO";"Crescente";"Colisão traseira";0;0;0;0;1;1;0;0;0;0;42;1;0;0;0
"05/06/2025";"12:06:00";"118";"Sem vítima";"328,000";"BR-153/GO";"Crescente";"Saída de pista";1;0;0;0;0;0;0;0;0;0;2;0;0;0;0
"05/06/2025";"12:16:00";"119";"Sem vítima";"441,000";"BR-153/GO";"Crescente";"Colisão traseira";1;0;0;0;0;1;0;0;0;0;3;0;0;0;0
"05/06/2025";"16:15:00";"165";"Com vítima";"172,500";"BR-153/GO";"Crescente";"Colisão lateral no mesmo sentido";1;0;0;0;0;0;0;0;0;1;4;2;0;0;0
"05/06/2025";"23:41:00";"244";"Sem vítima";"300,778";"BR-153/GO";"Crescente";"Colisão traseira";0;0;0;0;0;1;0;0;0;1;3;0;0;0;0
"06/06/2025";"18:59:00";"178";"Sem vítima";"152,000";"BR-153/GO";"Crescente";"Colisão lateral no mesmo sentido";1;0;0;0;0;1;0;0;0;0;4;0;0;0;0
"07/06/2025";"02:06:00";"14";"Sem vítima";"284,350";"BR-153/GO";"Crescente";"Choque";1;0;0;0;0;0;0;0;0;0;1;0;0;0;0
"07/06/2025";"10:04:00";"84";"Sem vítima";"440,000";"BR-414/GO";"Crescente";"Engavetamento";4;0;0;0;0;0;0;0;0;0;9;0;0;0;0
"07/06/2025";"12:48:00";"114";"Com vítima";"435,950";"BR-414/GO";"Decrescente";"Colisão transversal";0;0;0;0;0;1;0;0;0;0;1;0;0;1;0
"07/06/2025";"18:11:00";"185";"Com vítima";"270,800";"BR-153/GO";"Crescente";"Colisão frontal";0;0;0;1;0;1;0;0;0;0;1;0;0;0;2
"07/06/2025";"21:23:00";"220";"Sem vítima";"438,247";"BR-153/GO";"Crescente";"Colisão traseira";1;0;0;0;0;1;0;0;0;0;2;0;0;0;0
"08/06/2025";"07:08:00";"37";"Sem vítima";"204,000";"BR-153/GO";"Decrescente";"Saída de pista";1;0;0;0;0;0;0;0;0;0;2;0;0;0;0
"08/06/2025";"08:41:00";"53";"Sem vítima";"439,000";"BR-414/GO";"Crescente";"Saída de pista";1;0;0;0;0;0;0;0;0;0;1;0;0;0;0
"08/06/2025";"09:22:00";"60";"Com vítima";"712,200";"BR-153/TO";"Decrescente";"Colisão traseira";2;0;0;0;0;0;0;0;0;0;2;1;0;0;0
"09/06/2025";"13:07:00";"110";"Com vítima";"369,600";"BR-153/GO";"Decrescente";"Queda de moto";0;0;0;1;0;0;0;0;0;0;0;0;1;0;0
"09/06/2025";"18:48:00";"181";"Com vítima";"170,050";"BR-080/GO";"Decrescente";"Atropelamento de animal";1;0;0;0;0;0;0;0;0;0;1;0;0;0;0
"09/06/2025";"22:24:00";"207";"Com vítima";"366,300";"BR-414/GO";"Crescente";"Atropelamento de animal";1;0;0;0;0;0;0;0;0;0;1;0;0;0;0
"10/06/2025";"10:45:00";"83";"Sem vítima";"303,000";"BR-414/GO";"Decrescente";"Colisão traseira";1;0;1;0;0;0;0;0;0;0;2;0;0;0;0
"10/06/2025";"11:59:00";"96";"Sem vítima";"393,000";"BR-414/GO";"Decrescente";"Colisão transversal";1;0;1;0;0;0;0;0;0;0;3;0;0;0;0
"10/06/2025";"16:38:00";"132";"Sem vítima";"193,000";"BR-153/GO";"Crescente";"Colisão traseira";1;0;1;0;0;0;0;0;0;0;3;0;0;0;0
"11/06/2025";"07:00:00";"30";"Sem vítima";"199,380";"BR-153/GO";"Decrescente";"Tombamento";0;0;0;0;0;1;0;0;0;0;1;0;0;0;0
"11/06/2025";"10:47:00";"84";"Sem vítima";"291,000";"BR-153/GO";"Crescente";"Colisão lateral no mesmo sentido";1;0;0;0;0;1;0;0;0;0;4;0;0;0;0
"11/06/2025";"17:20:00";"141";"Sem vítima";"356,350";"BR-153/GO";"Crescente";"Colisão transversal";1;0;0;0;0;0;0;0;0;1;6;0;0;0;0
"11/06/2025";"21:59:00";"179";"Com vítima";"369,950";"BR-153/GO";"Crescente";"Atropelamento de animal";1;0;0;0;0;0;0;0;0;0;1;0;0;0;0
"12/06/2025";"02:44:00";"8";"Sem vítima";"690,900";"BR-153/TO";"Decrescente";"Colisão traseira";1;0;0;0;0;0;0;0;0;1;2;0;0;0;0
"12/06/2025";"03:07:00";"9";"Sem vítima";"136,387";"BR-153/GO";"Crescente";"Saída de pista";0;0;0;0;0;1;0;0;0;0;1;0;0;0;0
"12/06/2025";"09:16:00";"58";"Sem vítima";"440,000";"BR-414/GO";"Decrescente";"Colisão traseira";0;0;0;0;0;0;0;0;0;2;6;0;0;0;0
"12/06/2025";"10:01:00";"68";"Sem vítima";"393,000";"BR-414/GO";"Decrescente";"Colisão transversal";2;0;0;0;0;0;0;0;0;0;3;0;0;0;0
"12/06/2025";"15:16:00";"121";"Sem vítima";"200,000";"BR-153/GO";"Crescente";"Colisão transversal";0;0;1;0;0;0;0;0;0;1;3;0;0;0;0
"13/06/2025";"13:02:00";"135";"Com vítima";"440,000";"BR-153/GO";"Crescente";"Colisão traseira";0;0;0;1;0;1;0;0;0;0;1;0;1;0;0
"13/06/2025";"16:21:00";"177";"Sem vítima";"124,171";"BR-153/GO";"Decrescente";"Colisão transversal";2;0;0;0;0;0;0;0;0;0;4;0;0;0;0
"13/06/2025";"16:50:00";"184";"Sem vítima";"278,300";"BR-153/GO";"Decrescente";"Saída de pista";1;0;0;0;0;0;0;0;0;0;1;0;0;0;0
"13/06/2025";"20:16:00";"209";"Com vítima";"49,380";"BR-153/GO";"Crescente";"Queda de moto";0;0;0;1;0;0;0;0;0;0;0;0;0;1;0
"14/06/2025";"06:16:00";"25";"Sem vítima";"96,000";"BR-153/GO";"Decrescente";"Saída de pista";1;0;0;0;0;0;0;0;0;0;2;0;0;0;0