data;horario;n_da_ocorrencia;tipo_de_ocorrencia;km;trecho;sentido;tipo_de_acidente;automovel;bicicleta;caminhao;moto;onibus;outros;tracao_animal;transporte_de_cargas_especiais;trator_maquinas;utilitarios;ilesos;levemente_feridos;moderadamente_feridos;gravemente_feridos;mortos
"14/07/2025";"15:30:00";"152";"Sem vítima";"367,550";"BR-153/GO";"Decrescente";"Colisão traseira";0;0;1;0;0;1;0;0;0;0;2;0;0;0;0
"14/07/2025";"20:39:00";"204";"Com vítima";"146,699";"BR-153/GO";"Decrescente";"Atropelamento de animal";1;0;0;0;0;0;0;0;0;0;0;4;0;0;0
"15/07/2025";"00:13:00";"4";"Sem vítima";"291,168";"BR-153/GO";"Crescente";"Queda de moto";0;0;0;1;0;1;0;0;0;0;1;0;0;0;0
"15/07/2025";"09:22:00";"65";"Com vítima";"70,950";"BR-153/GO";"Decrescente";"Colisão transversal";0;0;0;1;0;1;0;0;0;0;1;0;1;1;0
"15/07/2025";"09:29:00";"66";"Sem vítima";"185,870";"BR-153/GO";"Decrescente";"Engavetamento";2;0;0;0;0;1;0;0;0;1;7;0;0;0;0
"15/07/2025";"09:37:00";"68";"Sem vítima";"234,000";"BR-153/GO";"Crescente";"Colisão traseira";2;0;0;0;0;0;0;0;0;0;6;0;0;0;0
"15/07/2025";"10:58:00";"79";"Com vítima";"138,500";"BR-153/GO";"Crescente";"Choque";1;0;0;0;0;1;0;0;0;0;1;2;0;0;0
"15/07/2025";"17:10:00";"155";"Sem vítima";"66,900";"BR-153/GO";"Crescente";"Colisão traseira";1;0;0;0;0;1;0;0;0;0;6;0;0;0;0
"16/07/2025";"04:11:00";"20";"Com vítima";"2,711";"BR-153/GO";"Crescente";"Colisão frontal";0;0;0;0;2;1;0;0;0;0;50;2;3;5;5
"16/07/2025";"09:20:00";"52";"Com vítima";"375,376";"BR-153/GO";"Crescente";"Engavetamento";2;0;0;0;0;0;0;0;0;1;7;1;0;0;0
"16/07/2025";"15:58:00";"119";"Sem vítima";"190,387";"BR-153/GO";"Decrescente";"Colisão traseira";2;0;0;0;0;0;0;0;0;0;5;0;0;0;0
"16/07/2025";"21:56:00";"174";"Sem vítima";"31,500";"BR-153/GO";"Crescente";"Colisão lateral no mesmo sentido";1;0;0;0;0;1;0;0;0;0;4;0;0;0;0
"17/07/2025";"03:25:00";"20";"Sem vítima";"197,923";"BR-153/GO";"Crescente";"Choque";1;0;0;0;0;0;0;0;0;0;1;0;0;0;0
"17/07/2025";"09:32:00";"66";"Com vítima";"137,900";"BR-153/GO";"Crescente";"Colisão traseira";0;0;0;2;0;0;0;0;0;0;1;1;0;0;0
"17/07/2025";"09:42:00";"71";"Sem vítima";"164,400";"BR-153/GO";"Decrescente";"Colisão traseira";2;0;0;0;0;0;0;0;0;0;7;0;0;0;0
"17/07/2025";"10:13:00";"75";"Sem vítima";"375,980";"BR-153/GO";"Decrescente";"Colisão traseira";1;0;1;0;0;0;0;0;0;0;2;0;0;0;0
"18/07/2025";"10:38:00";"85";"Sem vítima";"708,080";"BR-153/TO";"Crescente";"Colisão traseira";0;0;1;0;0;1;0;0;0;0;2;0;0;0;0
"18/07/2025";"13:12:00";"123";"Sem vítima";"306,750";"BR-153/GO";"Crescente";"Colisão lateral no mesmo sentido";0;0;2;0;0;0;0;0;0;0;4;0;0;0;0
"18/07/2025";"16:33:00";"166";"Sem vítima";"68,230";"BR-153/GO";"Decrescente";"Colisão transversal";1;0;0;0;0;0;0;0;0;0;1;0;0;0;0
"18/07/2025";"20:57:00";"212";"Sem vítima";"352,000";"BR-414/GO";"Crescente";"Queda de moto";0;0;0;1;0;0;0;0;0;0;1;0;0;0;0
"18/07/2025";"21:46:00";"217";"Com vítima";"379,500";"BR-153/GO";"Decrescente";"Queda de moto";0;0;0;1;0;0;0;0;0;0;1;1;0;0;0
"18/07/2025";"22:28:00";"224";"Com vítima";"120,606";"BR-080/GO";"Crescente";"Choque";1;0;0;0;0;0;0;0;0;0;0;1;0;0;0
"19/07/2025";"09:07:00";"71";"Com vítima";"176,500";"BR-153/GO";"Decrescente";"Capotamento";1;0;0;0;0;0;0;0;0;0;0;1;0;0;0
"19/07/2025";"10:27:00";"92";"Com vítima";"153,350";"BR-153/GO";"Decrescente";"Colisão lateral em sentido contrário";2;0;0;0;0;2;0;0;0;0;5;1;0;0;0
"19/07/2025";"14:11:00";"132";"Sem vítima";"440,000";"BR-414/GO";"Crescente";"Tombamento";0;0;1;0;0;0;0;0;0;0;1;0;0;0;0
"19/07/2025";"14:13:00";"133";"Com vítima";"137,500";"BR-153/GO";"Crescente";"Capotamento";0;0;0;0;0;0;0;0;0;1;0;1;2;0;0
"19/07/2025";"16:01:00";"157";"Com vítima";"85,490";"BR-153/GO";"Decrescente";"Colisão traseira";1;0;0;0;0;1;0;0;0;0;6;0;1;0;0
"19/07/2025";"18:50:00";"196";"Com vítima";"357,500";"BR-414/GO";"Crescente";"Queda de moto";0;0;0;1;0;0;0;0;0;0;0;0;0;1;0
"20/07/2025";"11:08:00";"83";"Sem vítima";"650,000";"BR-153/TO";"Crescente";"Colisão traseira";0;0;0;0;0;2;0;0;0;0;2;0;0;0;0
"20/07/2025";"14:29:00";"131";"Sem vítima";"200,000";"BR-153/GO";"Decrescente";"Colisão transversal";1;0;1;0;0;0;0;0;0;0;4;0;0;0;0
"20/07/2025";"18:44:00";"193";"Com vítima";"400,000";"BR-153/GO";"Decrescente";"Colisão transversal";1;0;0;0;0;0;0;0;0;1;4;3;0;0;0
"20/07/2025";"23:06:00";"244";"Sem vítima";"794,900";"BR-153/TO";"Crescente";"Atropelamento de animal";1;0;0;0;0;0;0;0;0;0;5;0;0;0;0
"21/07/2025";"06:50:00";"46";"Com vítima";"440,000";"BR-414/GO";"Decrescente";"Colisão lateral no mesmo sentido";1;0;0;1;0;0;0;0;0;0;1;0;1;0;0
"21/07/2025";"12:56:00";"122";"Sem vítima";"208,394";"BR-153/GO";"Decrescente";"Colisão lateral em sentido contrário";2;0;0;0;0;1;0;0;0;0;5;0;0;0;0
"22/07/2025";"07:52:00";"51";"Com vítima";"628,550";"BR-153/TO";"Decrescente";"Colisão lateral em sentido contrário";1;0;0;0;0;1;0;0;0;0;2;3;1;0;0
"22/07/2025";"16:21:00";"169";"Sem vítima";"792,900";"BR-153/TO";"Crescente";"Atropelamento de animal";1;0;0;0;0;0;0;0;0;0;3;0;0;0;0
"22/07/2025";"17:12:00";"186";"Com vítima";"349,420";"BR-153/GO";"Crescente";"Saída de pista";1;0;0;0;0;0;0;0;0;0;1;0;1;0;0
"22/07/2025";"17:46:00";"192";"Sem vítima";"91,100";"BR-153/GO";"Decrescente";"Choque";1;0;0;0;0;1;0;0;0;0;4;0;0;0;0
"23/07/2025";"11:53:00";"111";"Sem vítima";"418,400";"BR-414/GO";"Crescente";"Atropelamento de animal";1;0;0;0;0;0;0;0;0;0;4;0;0;0;0
"23/07/2025";"20:24:00";"218";"Sem vítima";"356,500";"BR-414/GO";"Decrescente";"Atropelamento de animal";1;0;0;0;0;0;0;0;0;0;1;0;0;0;0
"24/07/2025";"10:34:00";"94";"Sem vítima";"86,300";"BR-153/GO";"Decrescente";"Colisão traseira";1;0;0;0;0;1;0;0;0;0;5;0;0;0;0
"24/07/2025";"15:46:00";"161";"Sem vítima";"202,000";"BR-153/GO";"Crescente";"Colisão traseira";1;0;0;0;0;0;0;0;0;1;5;0;0;0;0
"25/07/2025";"00:50:00";"3";"Sem vítima";"180,448";"BR-153/GO";"Decrescente";"Saída de pista";0;0;1;0;0;0;0;0;0;0;1;0;0;0;0
"25/07/2025";"08:25:00";"54";"Sem vítima";"279,950";"BR-153/GO";"Crescente";"Engavetamento";0;0;0;0;0;3;0;0;0;0;3;0;0;0;0
"25/07/2025";"11:53:00";"92";"Sem vítima";"407,800";"BR-153/GO";"Crescente";"Colisão traseira";0;0;0;0;0;0;0;0;0;2;5;0;0;0;0
"25/07/2025";"15:05:00";"129";"Sem vítima";"437,500";"BR-414/GO";"Crescente";"Colisão lateral no mesmo sentido";1;0;0;1;0;0;0;0;0;0;3;0;0;0;0
"25/07/2025";"16:20:00";"143";"Com vítima";"438,410";"BR-414/GO";"Crescente";"Colisão frontal";0;0;0;1;0;1;0;0;0;0;1;0;0;0;1
"25/07/2025";"20:37:00";"183";"Sem vítima";"203,050";"BR-153/GO";"Decrescente";"Colisão lateral no mesmo sentido";0;0;1;0;0;0;0;0;0;0;1;0;0;0;0
"25/07/2025";"20:47:00";"186";"Com vítima";"186,050";"BR-153/GO";"Decrescente";"Colisão lateral no mesmo sentido";0;0;1;0;0;0;0;0;0;1;1;1;1;0;0
"25/07/2025";"22:20:00";"205";"Com vítima";"436,456";"BR-153/GO";"Crescente";"Choque";1;0;0;0;0;0;0;0;0;0;0;1;0;0;0
"26/07/2025";"09:41:00";"74";"Com vítima";"235,300";"BR-153/GO";"Crescente";"Tombamento";0;0;0;0;0;2;0;0;0;0;3;0;1;0;0
"26/07/2025";"19:55:00";"205";"Sem vítima";"428,898";"BR-153/GO";"Crescente";"Atropelamento de animal";1;0;0;0;0;0;0;0;0;0;5;0;0;0;0
"27/07/2025";"11:54:00";"137";"Com vítima";"689,109";"BR-153/TO";"Crescente";"Tombamento";0;0;0;0;0;1;0;0;0;0;0;0;1;0;0
"27/07/2025";"16:08:00";"213";"Com vítima";"295,800";"BR-153/GO";"Decrescente";"Colisão lateral no mesmo sentido";1;0;0;1;0;0;0;0;0;0;1;2;0;0;0
"27/07/2025";"20:25:00";"277";"Sem vítima";"131,872";"BR-080/GO";"Crescente";"Saída de pista";1;0;0;0;0;0;0;0;0;0;3;0;0;0;0
"28/07/2025";"19:00:00";"207";"Com vítima";"436,000";"BR-153/GO";"Decrescente";"Colisão traseira";1;0;0;1;0;0;0;0;0;0;2;0;1;0;0
"28/07/2025";"20:16:00";"218";"Sem vítima";"387,978";"BR-414/GO";"Decrescente";"Atropelamento de animal";1;0;0;0;0;0;0;0;0;0;4;0;0;0;0
"28/07/2025";"20:30:00";"221";"Sem vítima";"400,210";"BR-153/GO";"Crescente";"Choque";1;0;0;0;0;0;0;0;0;0;1;0;0;0;0
"28/07/2025";"20:52:00";"225";"Sem vítima";"112,000";"BR-080/GO";"Crescente";"Atropelamento de animal";1;0;0;0;0;0;0;0;0;0;1;0;0;0;0
"29/07/2025";"03:14:00";"14";"Com vítima";"154,000";"BR-153/GO";"Decrescente";"Colisão traseira";0;0;0;1;0;0;0;0;0;1;1;0;1;0;0
"29/07/2025";"04:56:00";"19";"Com vítima";"258,500";"BR-153/GO";"Crescente";"Saída de pista";1;0;0;0;0;0;0;0;0;0;1;4;0;0;0
"29/07/2025";"19:03:00";"175";"Sem vítima";"353,627";"BR-153/GO";"Decrescente";"Colisão lateral no mesmo sentido";0;0;0;0;0;1;0;0;0;1;2;0;0;0;0
"30/07/2025";"05:29:00";"31";"Com vítima";"332,391";"BR-153/GO";"Crescente";"Saída de pista";0;0;0;0;0;0;0;0;0;1;0;0;1;0;0
"30/07/2025";"07:12:00";"40";"Sem vítima";"750,695";"BR-153/TO";"Decrescente";"Saída de pista";1;0;0;0;0;0;0;0;0;0;4;0;0;0;0
"30/07/2025";"07:16:00";"42";"Sem vítima";"198,550";"BR-153/GO";"Crescente";"Colisão traseira";1;0;1;0;0;0;0;0;0;1;5;0;0;0;0
"30/07/2025";"07:17:00";"43";"Com vítima";"437,000";"BR-153/GO";"Decrescente";"Queda de moto";0;0;0;1;0;0;0;0;0;0;0;0;1;0;0
"30/07/2025";"15:56:00";"175";"Sem vítima";"373,950";"BR-153/GO";"Crescente";"Colisão traseira";1;0;0;0;0;1;0;0;0;0;5;0;0;0;0
"30/07/2025";"16:43:00";"191";"Sem vítima";"627,000";"BR-153/TO";"Decrescente";"Colisão traseira";0;0;0;0;0;2;0;0;0;0;2;0;0;0;0
"30/07/2025";"18:27:00";"205";"Com vítima";"429,500";"BR-153/GO";"Decrescente";"Queda de moto";0;0;0;1;0;0;0;0;0;0;0;0;1;0;0
"30/07/2025";"21:49:00";"243";"Sem vítima";"427,900";"BR-153/GO";"Decrescente";"Colisão traseira";1;0;0;0;0;1;0;0;0;0;2;0;0;0;0
"31/07/2025";"01:57:00";"10";"Sem vítima";"320,000";"BR-414/GO";"Decrescente";"Atropelamento de animal";1;0;0;0;0;0;0;0;0;0;1;0;0;0;0
"31/07/2025";"09:19:00";"75";"Com vítima";"310,000";"BR-153/GO";"Decrescente";"Queda de bicicleta";0;0;0;1;0;0;0;0;0;0;0;0;1;0;0
"31/07/2025";"12:00:00";"110";"Sem vítima";"283,727";"BR-153/GO";"Crescente";"Colisão transversal";1;0;0;0;0;0;0;0;0;1;3;0;0;0;0
"31/07/2025";"21:10:00";"216";"Com vítima";"114,140";"BR-080/GO";"Decrescente";"Colisão traseira";0;0;0;0;0;2;0;0;0;0;1;1;0;0;0
"01/08/2025";"14:58:00";"140";"Com vítima";"376,327";"BR-153/GO";"Decrescente";"Queda de moto";0;0;0;1;0;0;0;0;0;0;0;1;0;0;0
"01/08/2025";"20:52:00";"214";"Sem vítima";"425,298";"BR-153/GO";"Decrescente";"Colisão lateral no mesmo sentido";2;0;0;0;0;0;0;0;0;0;3;0;0;0;0
"02/08/2025";"01:19:00";"11";"Sem vítima";"346,600";"BR-153/GO";"Crescente";"Atropelamento de animal";1;0;0;0;0;0;0;0;0;0;3;0;0;0;0
"02/08/2025";"16:31:00";"166";"Com vítima";"307,300";"BR-153/GO";"Decrescente";"Capotamento";1;0;0;0;0;0;0;0;0;0;3;0;0;0;2
"03/08/2025";"01:42:00";"6";"Sem vítima";"776,900";"BR-153/TO";"Decrescente";"Colisão traseira";1;0;1;0;0;0;0;0;0;0;2;0;0;0;0
"03/08/2025";"07:16:00";"51";"Com vítima";"124,000";"BR-153/GO";"Decrescente";"Colisão transversal";0;0;1;0;0;0;0;0;0;1;1;1;0;0;0
"03/08/2025";"10:41:00";"100";"Com vítima";"404,000";"BR-414/GO";"Crescente";"Colisão traseira";1;0;0;1;0;0;0;0;0;0;3;1;0;0;0
"03/08/2025";"13:02:00";"127";"Sem vítima";"371,150";"BR-414/GO";"Crescente";"Choque";1;0;0;0;0;0;0;0;0;0;1;0;0;0;0
"03/08/2025";"13:56:00";"136";"Sem vítima";"184,000";"BR-153/GO";"Crescente";"Colisão traseira";0;0;0;0;0;1;0;0;0;1;6;0;0;0;0
"03/08/2025";"14:45:00";"150";"Sem vítima";"341,000";"BR-153/GO";"Crescente";"Colisão frontal";1;0;0;0;0;1;0;0;0;0;5;0;0;0;0
"03/08/2025";"18:57:00";"211";"Com vítima";"690,180";"BR-153/TO";"Decrescente";"Colisão traseira";0;0;0;1;0;0;0;0;0;1;2;1;0;0;0
"04/08/2025";"06:05:00";"30";"Com vítima";"171,661";"BR-153/GO";"Decrescente";"Colisão transversal";1;0;0;0;0;1;0;0;0;0;4;1;0;0;0
"04/08/2025";"07:24:00";"38";"Com vítima";"324,800";"BR-153/GO";"Decrescente";"Saída de pista";1;0;0;0;0;0;0;0;0;0;0;1;0;0;0
"04/08/2025";"10:15:00";"76";"Sem vítima";"623,721";"BR-153/TO";"Decrescente";"Colisão lateral no mesmo sentido";1;0;0;0;0;1;0;0;0;0;4;0;0;0;0
"04/08/2025";"12:45:00";"106";"Sem vítima";"435,940";"BR-153/GO";"Crescente";"Queda de moto";0;0;0;1;0;0;0;0;0;0;1;0;0;0;0
"04/08/2025";"14:37:00";"124";"Sem vítima";"661,000";"BR-153/TO";"Decrescente";"Colisão traseira";0;0;0;0;0;2;0;0;0;0;2;0;0;0;0
"04/08/2025";"19:25:00";"186";"Sem vítima";"746,500";"BR-153/TO";"Decrescente";"Atropelamento de animal";1;0;0;0;0;0;0;0;0;0;1;0;0;0;0
"05/08/2025";"06:56:00";"39";"Sem vítima";"360,500";"BR-153/GO";"Crescente";"Engavetamento";2;0;0;0;0;1;0;0;0;0;5;0;0;0;0
"05/08/2025";"07:53:00";"48";"Sem vítima";"721,800";"BR-153/TO";"Decrescente";"Colisão transversal";1;0;1;0;0;0;0;0;0;0;2;0;0;0;0
"05/08/2025";"10:38:00";"92";"Sem vítima";"384,400";"BR-153/GO";"Decrescente";"Colisão traseira";2;0;0;0;0;0;0;0;0;0;3;0;0;0;0
"07/08/2025";"01:09:00";"12";"Com vítima";"434,400";"BR-153/GO";"Crescente";"Colisão frontal";1;0;0;0;0;0;0;0;0;1;2;0;1;0;0
"07/08/2025";"03:02:00";"19";"Sem vítima";"401,200";"BR-414/GO";"Decrescente";"Atropelamento de animal";1;0;0;0;0;0;0;0;0;0;2;0;0;0;0
"07/08/2025";"08:46:00";"65";"Sem vítima";"158,800";"BR-153/GO";"Crescente";"Colisão lateral no mesmo sentido";1;0;0;0;0;1;0;0;0;0;3;0;0;0;0
"08/08/2025";"00:09:00";"1";"Sem vítima";"653,200";"BR-153/TO";"Decrescente";"Atropelamento de animal";0;0;0;0;1;0;0;0;0;0;2;0;0;0;0
"08/08/2025";"05:55:00";"36";"Sem vítima";"279,500";"BR-153/GO";"Crescente";"Colisão traseira";1;0;0;0;0;1;0;0;0;0;3;0;0;0;0
"08/08/2025";"18:00:00";"159";"Com vítima";"372,000";"BR-414/GO";"Crescente";"Atropelamento de animal";0;0;0;1;0;0;0;0;0;0;0;1;0;0;0
"08/08/2025";"22:12:00";"207";"Com vítima";"298,478";"BR-153/GO";"Decrescente";"Colisão traseira";2;0;0;0;0;0;0;0;0;0;0;2;0;0;0
"09/08/2025";"10:12:00";"94";"Com vítima";"106,133";"BR-153/GO";"Decrescente";"Colisão transversal";2;0;0;0;0;0;0;0;0;0;0;2;1;0;0
"09/08/2025";"13:26:00";"130";"Com vítima";"410,600";"BR-414/GO";"Crescente";"Colisão transversal";1;0;0;1;0;0;0;0;0;0;5;0;1;0;0
"09/08/2025";"20:49:00";"207";"Com vítima";"275,978";"BR-153/GO";"Crescente";"Atropelamento de pedestre";0;0;1;0;0;0;0;0;0;0;1;0;0;0;1
"11/08/2025";"08:35:00";"66";"Sem vítima";"359,430";"BR-153/GO";"Decrescente";"Saída de pista";1;0;0;0;0;0;0;0;0;0;1;0;0;0;0
"11/08/2025";"14:11:00";"123";"Sem vítima";"664,950";"BR-153/TO";"Decrescente";"Tombamento";0;0;0;0;0;1;0;0;0;0;1;0;0;0;0
"11/08/2025";"14:32:00";"128";"Com vítima";"437,000";"BR-153/GO";"Decrescente";"Saída de pista";1;0;0;0;0;0;0;0;0;0;0;0;1;0;0
"11/08/2025";"19:09:00";"175";"Sem vítima";"668,700";"BR-153/TO";"Crescente";"Saída de pista";1;0;0;0;0;0;0;0;0;0;2;0;0;0;0
"12/08/2025";"18:36:00";"183";"Sem vítima";"373,600";"BR-153/GO";"Crescente";"Colisão traseira";1;0;0;0;0;1;0;0;0;0;2;0;0;0;0
"13/08/2025";"05:37:00";"27";"Sem vítima";"362,267";"BR-153/GO";"Decrescente";"Colisão transversal";1;0;0;0;0;0;0;0;0;1;5;0;0;0;0
"13/08/2025";"08:28:00";"52";"Com vítima";"234,770";"BR-153/GO";"Decrescente";"Colisão lateral em sentido contrário";1;0;0;0;0;1;0;0;0;0;0;1;1;0;0
"13/08/2025";"21:53:00";"205";"Sem vítima";"407,986";"BR-153/GO";"Crescente";"Atropelamento de animal";1;0;0;0;0;0;0;0;0;0;2;0;0;0;0
"13/08/2025";"22:50:00";"209";"Sem vítima";"301,000";"BR-414/GO";"Crescente";"Saída de pista";1;0;0;0;0;0;0;0;0;0;1;0;0;0;0
"14/08/2025";"03:59:00";"21";"Sem vítima";"354,489";"BR-153/GO";"Decrescente";"Atropelamento de animal";0;0;0;0;0;1;0;0;0;0;1;0;0;0;0
"14/08/2025";"08:12:00";"53";"Com vítima";"134,370";"BR-153/GO";"Decrescente";"Colisão lateral em sentido contrário";1;0;0;0;0;2;0;0;0;0;1;1;0;0;1
"14/08/2025";"18:29:00";"149";"Sem vítima";"640,000";"BR-153/TO";"Decrescente";"Colisão traseira";1;0;0;0;0;1;0;0;0;0;6;0;0;0;0
"14/08/2025";"19:51:00";"165";"Com vítima";"420,000";"BR-414/GO";"Crescente";"Queda de moto";0;0;0;1;0;0;0;0;0;0;0;2;0;0;0
"14/08/2025";"19:57:00";"168";"Com vítima";"437,500";"BR-414/GO";"Crescente";"Atropelamento de pedestre";0;0;0;0;0;1;0;0;0;0;1;1;0;0;0
"14/08/2025";"19:58:00";"169";"Com vítima";"423,293";"BR-153/GO";"Decrescente";"Saída de pista";0;0;0;0;0;0;0;0;0;1;0;1;0;0;0
"14/08/2025";"21:32:00";"181";"Sem vítima";"295,000";"BR-153/GO";"Crescente";"Choque";0;0;0;0;0;1;0;0;0;0;1;0;0;0;0
"15/08/2025";"00:59:00";"9";"Com vítima";"13,000";"BR-153/GO";"Decrescente";"Saída de pista";0;0;0;0;1;0;0;0;0;0;0;0;0;1;0
"15/08/2025";"06:55:00";"45";"Com vítima";"438,250";"BR-414/GO";"Decrescente";"Colisão lateral no mesmo sentido";2;0;0;0;0;0;0;0;0;0;2;2;0;0;0
"15/08/2025";"12:28:00";"108";"Sem vítima";"355,970";"BR-153/GO";"Crescente";"Colisão transversal";1;0;0;0;0;0;0;0;0;1;4;0;0;0;0
"15/08/2025";"14:29:00";"131";"Sem vítima";"409,400";"BR-153/GO";"Crescente";"Colisão frontal";0;0;1;0;0;1;0;0;0;0;2;0;0;0;0
"15/08/2025";"14:53:00";"138";"Com vítima";"426,250";"BR-414/GO";"Crescente";"Engavetamento";3;0;0;0;0;0;0;0;0;0;7;1;0;0;0
"15/08/2025";"15:51:00";"151";"Com vítima";"774,520";"BR-153/TO";"Decrescente";"Queda de moto";0;0;0;1;0;0;0;0;0;0;1;1;0;0;0
"15/08/2025";"19:58:00";"192";"Sem vítima";"631,380";"BR-153/TO";"Decrescente";"Colisão traseira";2;0;0;0;0;0;0;0;0;0;2;0;0;0;0
"15/08/2025";"21:31:00";"204";"Sem vítima";"171,700";"BR-153/GO";"Crescente";"Saída de pista";1;0;0;0;0;1;0;0;0;0;3;0;0;0;0
"16/08/2025";"08:21:00";"50";"Com vítima";"627,200";"BR-153/TO";"Decrescente";"Colisão frontal";1;0;0;0;0;1;0;0;0;0;0;1;2;0;0
"16/08/2025";"12:22:00";"92";"Sem vítima";"680,400";"BR-153/TO";"Crescente";"Saída de pista";1;0;0;0;0;0;0;0;0;0;1;0;0;0;0
"16/08/2025";"15:33:00";"130";"Sem vítima";"374,500";"BR-153/GO";"Decrescente";"Saída de pista";1;0;0;0;0;0;0;0;0;0;4;0;0;0;0
"16/08/2025";"20:12:00";"184";"Sem vítima";"740,983";"BR-153/TO";"Decrescente";"Saída de pista";0;0;1;0;0;0;0;0;0;0;1;0;0;0;0
"17/08/2025";"18:31:00";"178";"Sem vítima";"417,345";"BR-153/GO";"Crescente";"Colisão traseira";2;0;0;0;0;0;0;0;0;0;3;0;0;0;0
"17/08/2025";"19:23:00";"186";"Sem vítima";"395,512";"BR-153/GO";"Crescente";"Colisão transversal";0;0;0;0;0;0;0;0;0;1;2;0;0;0;0
"17/08/2025";"22:32:00";"210";"Com vítima";"371,207";"BR-414/GO";"Crescente";"Saída de pista";1;0;0;0;0;0;0;0;0;0;0;1;0;0;0
"18/08/2025";"01:39:00";"7";"Sem vítima";"645,000";"BR-153/TO";"Crescente";"Atropelamento de animal";1;0;0;0;0;0;0;0;0;0;2;0;0;0;0
"18/08/2025";"08:29:00";"63";"Sem vítima";"436,480";"BR-153/GO";"Decrescente";"Saída de pista";1;0;0;0;0;0;0;0;0;0;5;0;0;0;0
"18/08/2025";"09:52:00";"78";"Sem vítima";"439,760";"BR-153/GO";"Decrescente";"Engavetamento";3;0;0;0;0;0;0;0;0;0;3;0;0;0;0
"18/08/2025";"13:20:00";"124";"Com vítima";"322,000";"BR-153/GO";"Crescente";"Queda de moto";0;0;0;1;0;0;0;0;0;0;0;0;1;0;0
"18/08/2025";"19:29:00";"189";"Com vítima";"433,000";"BR-153/GO";"Decrescente";"Colisão lateral em sentido contrário";1;0;0;1;0;0;0;0;0;0;1;0;1;0;0
"19/08/2025";"05:04:00";"28";"Com vítima";"133,386";"BR-080/GO";"Decrescente";"Atropelamento de pedestre";1;0;0;0;0;0;0;0;0;0;0;3;0;0;0
"19/08/2025";"16:24:00";"149";"Com vítima";"293,470";"BR-153/GO";"Crescente";"Colisão traseira";1;0;0;1;0;0;0;0;0;0;1;0;0;1;0
"19/08/2025";"18:36:00";"173";"Com vítima";"256,000";"BR-153/GO";"Crescente";"Choque";2;0;0;0;0;0;0;0;0;0;3;3;0;0;0
"19/08/2025";"20:27:00";"189";"Sem vítima";"126,900";"BR-153/GO";"Crescente";"Atropelamento de animal";1;0;0;0;0;0;0;0;0;0;1;0;0;0;0
"20/08/2025";"06:07:00";"40";"Sem vítima";"155,556";"BR-080/GO";"Decrescente";"Choque";1;0;0;0;0;0;0;0;0;0;2;0;0;0;0
"20/08/2025";"08:10:00";"55";"Com vítima";"439,000";"BR-414/GO";"Crescente";"Colisão transversal";1;0;0;1;0;0;0;0;0;0;2;0;1;0;0
"20/08/2025";"08:52:00";"65";"Com vítima";"440,000";"BR-414/GO";"Decrescente";"Colisão traseira";1;0;0;0;0;0;0;0;0;0;1;1;0;0;0
"20/08/2025";"11:03:00";"85";"Sem vítima";"313,900";"BR-153/GO";"Decrescente";"Colisão lateral no mesmo sentido";2;0;0;0;0;0;0;0;0;0;6;0;0;0;0
"20/08/2025";"16:27:00";"150";"Sem vítima";"404,000";"BR-414/GO";"Decrescente";"Engavetamento";1;0;0;0;0;1;0;0;0;0;5;0;0;0;0
"20/08/2025";"18:36:00";"175";"Com vítima";"431,533";"BR-153/GO";"Decrescente";"Saída de pista";0;0;0;1;0;0;0;0;0;0;1;0;1;0;0
"20/08/2025";"19:09:00";"182";"Sem vítima";"794,400";"BR-153/TO";"Decrescente";"Atropelamento de animal";1;0;0;0;0;0;0;0;0;0;2;0;0;0;0
"21/08/2025";"05:53:00";"34";"Com vítima";"320,280";"BR-414/GO";"Crescente";"Colisão traseira";0;0;0;0;0;2;0;0;0;0;1;0;1;0;0
"21/08/2025";"08:11:00";"62";"Sem vítima";"435,350";"BR-153/GO";"Crescente";"Colisão traseira";2;0;0;0;0;0;0;0;0;0;4;0;0;0;0